
Magic 8.3 revision 676 - Compiled on Sun Jul 19 19:34:30 EEST 2026.
Starting magic under Tcl interpreter
Using the terminal as the console.
Using NULL graphics device.
Processing system .magicrc file
Switching to WIRING tool.
Switching to NETLIST tool.
Switching to PICK tool.
Switching to BOX tool.
Sourcing design .magicrc for technology sky130A ...
2 Magic internal units = 1 Lambda
Input style sky130(): scaleFactor=2, multiplier=2
The following types are not handled by extraction and will be treated as non-electrical types:
    ubm 
Scaled tech values by 2 / 1 to match internal grid scaling
Loading sky130A Device Generator Menu ...
Loading "extract_analog_input_escape_rc.tcl" from command line.
Warning: Calma reading is not undoable!  I hope that's OK.
Library written using GDS-II Release 6.0
Library name: v3_output_compensation_cap_block
Reading "sky130_fd_sc_hd__and2b_1".
Reading "sky130_fd_sc_hd__fill_1".
Reading "sky130_fd_sc_hd__mux2_1".
Reading "sky130_fd_sc_hd__tapvpwrvgnd_1".
Reading "sky130_fd_sc_hd__and2_1".
Reading "v3_channel_input_bias_late_promotion".
Reading "v3_selector_route_pilot".
Reading "v3_channel_selector_late_promotion".
Reading "v3_four_channel_placement".
Reading "v3_four_channel_output_collection".
Reading "v3_four_channel_phase_distribution".
Reading "v3_vcm_support_block".
Reading "v3_tail_bias_support_block".
Reading "v3_four_channel_bias_reference_distribution".
Reading "v3_four_channel_shared_support_integration".
Reading "v3_output_load_pair_block".
Reading "v3_output_compensation_cap_block".
Reading "v3_four_channel_output_load_integration".
Reading "v3_four_ch_analog_inputs".
Reading "sky130_fd_sc_hd__buf_4".
Reading "sky130_fd_sc_hd__dfrtp_1".
Reading "sky130_fd_sc_hd__dfstp_1".
Reading "sky130_fd_sc_hd__inv_1".
Reading "sky130_fd_sc_hd__nand2_1".
Reading "sky130_fd_sc_hd__nor2_1".
Reading "sky130_fd_sc_hd__or2_1".
Reading "sky130_fd_sc_hd__or2b_1".
Reading "sky130_fd_sc_hd__xor2_1".
Reading "v3_ctrl_signal_routes".
Reading "v3_ctrl_power_routes".
Reading "v3_ctrl_analog_handoff_routes".
Reading "v3_ctrl_boundary_handoff_routes".
Reading "v3_analog_input_escape_routes".
Root cell box:
           width x height  (   llx,  lly  ), (   urx,  ury  )  area (units^2)

microns:  334.880 x 225.760  ( 0.000,  0.000), ( 334.880,  225.760)  75602.500 
lambda:   33488.00 x 22576.00  (  0.00,  0.00 ), ( 33488.00,  22576.00)  756025088.00
internal:  66976 x 45152   (     0,  0    ), ( 66976,  45152)  3024100352
Root cell box:
           width x height  (   llx,  lly  ), (   urx,  ury  )

microns:   0.000 x 0.000   ( 152.260,  0.500), ( 152.260,  0.500)
lambda:     0.00 x 0.00    ( 15226.00,  50.00), ( 15226.00,  50.00)
internal:      0 x 0       ( 30452,  100  ), ( 30452,  100  )
Moving label "res:drive@" from space to via3 in cell v3_analog_input_rc_i0.
Moving label "res:force@" from space to via3 in cell v3_analog_input_rc_i0.
DRC style is now "drc(full)"
V3_ANALOG_INPUT_RC_DRC_COUNT_i0=0
Warning:  Extract option "do unique" disabled because "extract unique" was run.
Processing v3_analog_input_rc_i0
Extracting v3_analog_input_rc_i0 into v3_analog_input_rc_i0.ext:
v3_analog_input_rc_i0: 36 warnings
Total of 36 warnings.
V3_ANALOG_INPUT_RC_EXTRACTION_FEEDBACK_COUNT_i0=36
exttosim finished.
Root cell box:
           width x height  (   llx,  lly  ), (   urx,  ury  )  area (units^2)

microns:  334.880 x 225.760  ( 0.000,  0.000), ( 334.880,  225.760)  75602.500 
lambda:   33488.00 x 22576.00  (  0.00,  0.00 ), ( 33488.00,  22576.00)  756025088.00
internal:  66976 x 45152   (     0,  0    ), ( 66976,  45152)  3024100352
Note:  This option has been deprecated and is unused.
Extracting a_4129_22466#
Extracting w_16994_32855#
Extracting a_37747_43023#
Extracting a_38483_43023#
Extracting a_37913_43023#
Extracting a_38649_43023#
Extracting a_36385_38127#
Extracting a_39127_43023#
Extracting a_38285_42479#
Extracting a_39293_43023#
Extracting a_39861_43265#
Extracting a_39947_42997#
Extracting a_39643_43023#
Extracting a_40383_42997#
Extracting a_40208_43023#
Extracting a_41231_42997#
Extracting a_39548_43023#
Extracting a_39751_43389#
Extracting a_40370_43389#
Extracting a_39739_43023#
Extracting a_39905_43023#
Extracting a_36956_35095#
Extracting a_38005_41391#
Extracting a_42163_43023#
Extracting a_42329_43023#
Extracting a_42897_43265#
Extracting a_40379_35551#
Extracting a_42679_43023#
Extracting a_43419_42997#
Extracting a_43244_43023#
Extracting a_42584_43023#
Extracting a_42787_43389#
Extracting a_40317_43023#
Extracting a_40562_43023#
Extracting a_43406_43389#
Extracting a_42775_43023#
Extracting a_42941_43023#
Extracting a_42467_42650#
Extracting a_44095_43023#
Extracting a_44261_43023#
Extracting a_44829_43265#
Extracting a_44611_43023#
Extracting a_45351_42997#
Extracting a_45176_43023#
Extracting a_44516_43023#
Extracting a_44719_43389#
Extracting a_43353_43023#
Extracting a_43598_43023#
Extracting a_45338_43389#
Extracting a_44707_43023#
Extracting a_44873_43023#
Extracting a_44399_42650#
Extracting a_46027_43023#
Extracting a_46193_43023#
Extracting a_46761_43265#
Extracting a_46543_43023#
Extracting a_47283_42997#
Extracting a_47108_43023#
Extracting a_47959_43023#
Extracting a_46448_43023#
Extracting a_46651_43389#
Extracting a_45285_43023#
Extracting a_45530_43023#
Extracting a_47270_43389#
Extracting a_46639_43023#
Extracting a_46805_43023#
Extracting a_46331_42650#
Extracting a_48125_43023#
Extracting a_47217_43023#
Extracting a_47462_43023#
Extracting a_36999_42453#
Extracting a_37085_35951#
Extracting a_37605_42518#
Extracting a_37042_34863#
Extracting a_37859_42518#
Extracting a_38532_42711#
Extracting a_38005_40847#
Extracting a_38740_42747#
Extracting a_37851_36647#
Extracting a_38961_42777#
Extracting a_39544_42711#
Extracting a_37029_38127#
Extracting a_39752_42747#
Extracting a_39759_42492#
Extracting a_39973_42777#
Extracting a_40495_42453#
Extracting a_41519_42479#
Extracting a_37029_42479#
Extracting a_42163_42485#
Extracting a_42329_42485#
Extracting a_42897_42453#
Extracting a_42679_42857#
Extracting a_43419_42783#
Extracting a_43244_42857#
Extracting a_44095_42485#
Extracting a_44261_42485#
Extracting a_44829_42453#
Extracting a_44611_42857#
Extracting a_45351_42783#
Extracting a_45176_42857#
Extracting a_46027_42485#
Extracting a_46193_42485#
Extracting a_46761_42453#
Extracting a_46543_42857#
Extracting a_47283_42783#
Extracting a_47108_42857#
Extracting a_49483_42453#
Extracting a_49686_42611#
Extracting a_50003_42721#
Extracting a_49964_42595#
Extracting a_50159_42453#
Extracting a_50090_42479#
Extracting a_50784_42453#
Extracting a_51412_42711#
Extracting a_48677_39759#
Extracting a_51620_42747#
Extracting a_51841_42777#
Extracting a_52335_42453#
Extracting a_52538_42611#
Extracting a_48125_41935#
Extracting a_52855_42721#
Extracting a_52816_42595#
Extracting a_53011_42453#
Extracting a_52942_42479#
Extracting a_53636_42453#
Extracting a_54264_42711#
Extracting a_36661_41391#
Extracting a_54479_42492#
Extracting a_54693_42777#
Extracting a_56843_42453#
Extracting a_57046_42611#
Extracting a_57363_42721#
Extracting a_57324_42595#
Extracting a_57519_42453#
Extracting a_57450_42479#
Extracting a_58144_42453#
Extracting a_58772_42711#
Extracting a_59201_42777#
Extracting a_59695_42453#
Extracting a_59898_42611#
Extracting a_60215_42721#
Extracting a_60176_42595#
Extracting a_60371_42453#
Extracting a_60302_42479#
Extracting a_60996_42453#
Extracting a_61624_42711#
Extracting a_62053_42777#
Extracting a_37859_42845#
Extracting a_38080_42845#
Extracting a_17388_36681#
Extracting a_38674_42845#
Extracting a_38895_42845#
Extracting a_17204_37145#
Extracting a_37787_42518#
Extracting a_38073_42518#
Extracting a_39686_42845#
Extracting a_39907_42845#
Extracting a_38674_42518#
Extracting a_38991_42518#
Extracting a_41685_42479#
Extracting a_42584_42845#
Extracting a_42775_42857#
Extracting a_39686_42518#
Extracting a_40003_42518#
Extracting a_42941_42845#
Extracting a_43353_42857#
Extracting a_43598_42845#
Extracting a_42787_42479#
Extracting a_36447_40849#
Extracting a_44516_42845#
Extracting a_44707_42857#
Extracting a_43406_42479#
Extracting a_44873_42845#
Extracting a_45285_42857#
Extracting a_45530_42845#
Extracting a_44719_42479#
Extracting a_41224_41659#
Extracting a_46448_42845#
Extracting a_46639_42857#
Extracting a_45338_42479#
Extracting a_46805_42845#
Extracting a_47217_42857#
Extracting a_47462_42845#
Extracting a_46651_42479#
Extracting a_42696_37557#
Extracting a_49721_42845#
Extracting a_49961_42845#
Extracting a_47270_42479#
Extracting a_50397_42845#
Extracting a_50469_42845#
Extracting a_50722_42479#
Extracting a_49920_42479#
Extracting a_51554_42845#
Extracting a_51775_42845#
Extracting a_50304_42479#
Extracting a_52573_42845#
Extracting a_52813_42845#
Extracting a_51554_42518#
Extracting a_51871_42518#
Extracting a_53249_42845#
Extracting a_53321_42845#
Extracting a_53574_42479#
Extracting a_52772_42479#
Extracting a_54406_42845#
Extracting a_54627_42845#
Extracting a_53156_42479#
Extracting a_57081_42845#
Extracting a_57321_42845#
Extracting a_54406_42518#
Extracting a_54723_42518#
Extracting a_57757_42845#
Extracting a_57829_42845#
Extracting a_58082_42479#
Extracting a_57280_42479#
Extracting a_58914_42845#
Extracting a_59135_42845#
Extracting a_57664_42479#
Extracting a_59933_42845#
Extracting a_60173_42845#
Extracting a_58914_42518#
Extracting a_59231_42518#
Extracting a_60609_42845#
Extracting a_60681_42845#
Extracting a_60934_42479#
Extracting a_60132_42479#
Extracting a_61766_42845#
Extracting a_61987_42845#
Extracting a_60516_42479#
Extracting a_61766_42518#
Extracting a_62083_42518#
Extracting a_37747_41935#
Extracting a_38532_42087#
Extracting a_39544_42087#
Extracting a_40469_41909#
Extracting a_41108_42087#
Extracting a_37913_41935#
Extracting a_17388_35593#
Extracting a_17204_36057#
Extracting a_38089_40623#
Extracting a_38740_41909#
Extracting a_38961_41909#
Extracting a_38674_42262#
Extracting a_38991_42262#
Extracting a_39759_41129#
Extracting a_39752_41909#
Extracting a_39973_41909#
Extracting a_39686_42262#
Extracting a_40003_42262#
Extracting a_40304_34293#
Extracting a_38674_41935#
Extracting a_38895_41935#
Extracting a_41059_41935#
Extracting a_40639_42087#
Extracting a_37795_40535#
Extracting a_40597_42185#
Extracting a_42163_41935#
Extracting a_42329_41935#
Extracting a_42897_42177#
Extracting a_42679_41935#
Extracting a_43419_41909#
Extracting a_43244_41935#
Extracting a_38285_34863#
Extracting a_41316_41909#
Extracting a_41537_41909#
Extracting a_41250_42262#
Extracting a_41567_42262#
Extracting a_39686_41935#
Extracting a_39907_41935#
Extracting a_42584_41935#
Extracting a_42787_42301#
Extracting a_41250_41935#
Extracting a_41471_41935#
Extracting a_43406_42301#
Extracting a_42775_41935#
Extracting a_42941_41935#
Extracting a_42467_41562#
Extracting a_44095_41935#
Extracting a_44261_41935#
Extracting a_44829_42177#
Extracting a_44611_41935#
Extracting a_45351_41909#
Extracting a_45176_41935#
Extracting a_44516_41935#
Extracting a_44719_42301#
Extracting a_43353_41935#
Extracting a_43598_41935#
Extracting a_45338_42301#
Extracting a_44707_41935#
Extracting a_44873_41935#
Extracting a_44399_41562#
Extracting a_46027_41935#
Extracting a_46193_41935#
Extracting a_46761_42177#
Extracting a_46543_41935#
Extracting a_47283_41909#
Extracting a_47108_41935#
Extracting a_47959_41935#
Extracting a_49483_41909#
Extracting a_49686_42187#
Extracting a_49964_42203#
Extracting a_50003_42077#
Extracting a_50159_42172#
Extracting a_50090_42301#
Extracting a_50784_42184#
Extracting a_46448_41935#
Extracting a_46651_42301#
Extracting a_45285_41935#
Extracting a_45530_41935#
Extracting a_47270_42301#
Extracting a_46639_41935#
Extracting a_46805_41935#
Extracting a_46331_41562#
Extracting a_49920_42301#
Extracting a_47217_41935#
Extracting a_47462_41935#
Extracting a_50304_42301#
Extracting a_50722_42301#
Extracting a_51412_42087#
Extracting a_52579_42262#
Extracting a_49721_41935#
Extracting a_49961_41935#
Extracting a_50397_41935#
Extracting a_50469_41935#
Extracting a_51620_41909#
Extracting a_51841_41909#
Extracting a_52325_42262#
Extracting a_51554_42262#
Extracting a_51871_42262#
Extracting a_52507_42262#
Extracting a_52793_42262#
Extracting a_53005_41935#
Extracting a_53203_41935#
Extracting a_53369_41935#
Extracting a_53937_42177#
Extracting a_53719_41935#
Extracting a_54459_41909#
Extracting a_54284_41935#
Extracting a_56843_41909#
Extracting a_57046_42187#
Extracting a_57324_42203#
Extracting a_57363_42077#
Extracting a_57519_42172#
Extracting a_57450_42301#
Extracting a_58144_42184#
Extracting a_53624_41935#
Extracting a_53827_42301#
Extracting a_51554_41935#
Extracting a_51775_41935#
Extracting a_52579_41935#
Extracting a_52800_41935#
Extracting a_54446_42301#
Extracting a_53815_41935#
Extracting a_53981_41935#
Extracting a_57280_42301#
Extracting a_54393_41935#
Extracting a_54638_41935#
Extracting a_57664_42301#
Extracting a_58082_42301#
Extracting a_58772_42087#
Extracting a_59939_42262#
Extracting a_57081_41935#
Extracting a_57321_41935#
Extracting a_57757_41935#
Extracting a_57829_41935#
Extracting a_58980_41909#
Extracting a_59201_41909#
Extracting a_59685_42262#
Extracting a_58914_42262#
Extracting a_59231_42262#
Extracting a_59867_42262#
Extracting a_60153_42262#
Extracting a_60365_41935#
Extracting a_60563_41935#
Extracting a_60729_41935#
Extracting a_61297_42177#
Extracting a_61079_41935#
Extracting a_61819_41909#
Extracting a_61644_41935#
Extracting a_60984_41935#
Extracting a_61187_42301#
Extracting a_58914_41935#
Extracting a_59135_41935#
Extracting a_59939_41935#
Extracting a_60160_41935#
Extracting a_61806_42301#
Extracting a_61175_41935#
Extracting a_61341_41935#
Extracting a_61753_41935#
Extracting a_61998_41935#
Extracting a_36631_41365#
Extracting a_37195_41391#
Extracting a_37839_41391#
Extracting a_38532_41623#
Extracting a_38740_41659#
Extracting a_38961_41689#
Extracting a_39544_41623#
Extracting a_39752_41659#
Extracting a_38285_37039#
Extracting a_39973_41689#
Extracting a_41016_41623#
Extracting a_41445_41689#
Extracting a_42163_41397#
Extracting a_42329_41397#
Extracting a_42897_41365#
Extracting a_42679_41769#
Extracting a_43419_41695#
Extracting a_43244_41769#
Extracting a_44095_41397#
Extracting a_44261_41397#
Extracting a_44829_41365#
Extracting a_44611_41769#
Extracting a_45351_41695#
Extracting a_45176_41769#
Extracting a_46027_41397#
Extracting a_46193_41397#
Extracting a_46761_41365#
Extracting a_46543_41769#
Extracting a_47283_41695#
Extracting a_47108_41769#
Extracting a_49483_41365#
Extracting a_49686_41523#
Extracting a_50003_41633#
Extracting a_49964_41507#
Extracting a_50159_41365#
Extracting a_50090_41391#
Extracting a_50784_41365#
Extracting a_51412_41623#
Extracting a_51620_41659#
Extracting a_51841_41689#
Extracting a_52335_41365#
Extracting a_52538_41523#
Extracting a_52855_41633#
Extracting a_52816_41507#
Extracting a_53011_41365#
Extracting a_52942_41391#
Extracting a_53636_41365#
Extracting a_54264_41623#
Extracting a_54479_41404#
Extracting a_54693_41689#
Extracting a_56916_41623#
Extracting a_57012_41365#
Extracting a_57148_41391#
Extracting a_57472_41669#
Extracting a_57556_41365#
Extracting a_57640_41705#
Extracting a_57776_41757#
Extracting a_58298_41621#
Extracting a_58864_41623#
Extracting a_59293_41689#
Extracting a_59860_41623#
Extracting a_59956_41365#
Extracting a_60092_41391#
Extracting a_60416_41669#
Extracting a_60500_41365#
Extracting a_60584_41705#
Extracting a_60720_41757#
Extracting a_61242_41621#
Extracting a_61808_41623#
Extracting a_62237_41689#
Extracting a_37361_41391#
Extracting a_17388_34505#
Extracting a_38674_41757#
Extracting a_38895_41757#
Extracting a_17204_34969#
Extracting a_39686_41757#
Extracting a_39907_41757#
Extracting a_38674_41430#
Extracting a_38991_41430#
Extracting a_40967_41391#
Extracting a_41158_41757#
Extracting a_41379_41757#
Extracting a_39686_41430#
Extracting a_40003_41430#
Extracting a_42584_41757#
Extracting a_42775_41769#
Extracting a_42941_41757#
Extracting a_41158_41430#
Extracting a_41475_41430#
Extracting a_43353_41769#
Extracting a_43598_41757#
Extracting a_42787_41391#
Extracting a_41141_40316#
Extracting a_44516_41757#
Extracting a_44707_41769#
Extracting a_43406_41391#
Extracting a_44873_41757#
Extracting a_45285_41769#
Extracting a_45530_41757#
Extracting a_44719_41391#
Extracting a_46448_41757#
Extracting a_46639_41769#
Extracting a_45338_41391#
Extracting a_46805_41757#
Extracting a_47217_41769#
Extracting a_47462_41757#
Extracting a_46651_41391#
Extracting a_41751_34471#
Extracting a_49721_41757#
Extracting a_49961_41757#
Extracting a_47270_41391#
Extracting a_50397_41757#
Extracting a_50469_41757#
Extracting a_50722_41391#
Extracting a_49920_41391#
Extracting a_51554_41757#
Extracting a_51775_41757#
Extracting a_50304_41391#
Extracting a_52573_41757#
Extracting a_52813_41757#
Extracting a_51554_41430#
Extracting a_51871_41430#
Extracting a_53249_41757#
Extracting a_53321_41757#
Extracting a_53574_41391#
Extracting a_52772_41391#
Extracting a_54406_41757#
Extracting a_54627_41757#
Extracting a_53156_41391#
Extracting a_57354_41757#
Extracting a_57430_41757#
Extracting a_57598_41757#
Extracting a_57858_41757#
Extracting a_58044_41757#
Extracting a_58248_41391#
Extracting a_54406_41430#
Extracting a_54723_41430#
Extracting a_59006_41757#
Extracting a_59227_41757#
Extracting a_57514_41391#
Extracting a_57694_41391#
Extracting a_58044_41391#
Extracting a_60298_41757#
Extracting a_60374_41757#
Extracting a_60542_41757#
Extracting a_60802_41757#
Extracting a_60988_41757#
Extracting a_61192_41391#
Extracting a_59006_41430#
Extracting a_59323_41430#
Extracting a_61950_41757#
Extracting a_62171_41757#
Extracting a_60458_41391#
Extracting a_60638_41391#
Extracting a_60988_41391#
Extracting a_61950_41430#
Extracting a_62267_41430#
Extracting a_36307_40875#
Extracting a_37335_37557#
Extracting a_37839_40847#
Extracting a_38532_40999#
Extracting a_39544_40999#
Extracting a_40464_40999#
Extracting a_41343_41097#
Extracting a_17500_33453#
Extracting a_36585_40847#
Extracting a_17388_33417#
Extracting a_17204_33881#
Extracting a_38740_40821#
Extracting a_38961_40821#
Extracting a_38674_41174#
Extracting a_38991_41174#
Extracting a_36393_40875#
Extracting a_39752_40821#
Extracting a_39973_40821#
Extracting a_39686_41174#
Extracting a_40003_41174#
Extracting a_38674_40847#
Extracting a_38895_40847#
Extracting a_37661_37052#
Extracting a_37579_34319#
Extracting a_40893_40821#
Extracting a_40606_41174#
Extracting a_40923_41174#
Extracting a_39686_40847#
Extracting a_39907_40847#
Extracting a_41425_41097#
Extracting a_41593_41097#
Extracting a_41677_40847#
Extracting a_42163_40847#
Extracting a_42329_40847#
Extracting a_42897_41089#
Extracting a_42679_40847#
Extracting a_43419_40821#
Extracting a_43244_40847#
Extracting a_42584_40847#
Extracting a_42787_41213#
Extracting a_40606_40847#
Extracting a_40827_40847#
Extracting a_41593_40847#
Extracting a_43406_41213#
Extracting a_42775_40847#
Extracting a_42941_40847#
Extracting a_42467_40474#
Extracting a_44095_40847#
Extracting a_44261_40847#
Extracting a_44829_41089#
Extracting a_44611_40847#
Extracting a_45351_40821#
Extracting a_45176_40847#
Extracting a_44516_40847#
Extracting a_44719_41213#
Extracting a_43353_40847#
Extracting a_43598_40847#
Extracting a_45338_41213#
Extracting a_44707_40847#
Extracting a_44873_40847#
Extracting a_44399_40474#
Extracting a_46027_40847#
Extracting a_46193_40847#
Extracting a_46761_41089#
Extracting a_46543_40847#
Extracting a_47283_40821#
Extracting a_47108_40847#
Extracting a_49483_40821#
Extracting a_49686_41099#
Extracting a_49964_41115#
Extracting a_50003_40989#
Extracting a_50159_41084#
Extracting a_50090_41213#
Extracting a_50784_41096#
Extracting a_46448_40847#
Extracting a_46651_41213#
Extracting a_45285_40847#
Extracting a_45530_40847#
Extracting a_47270_41213#
Extracting a_46639_40847#
Extracting a_46805_40847#
Extracting a_46331_40474#
Extracting a_49920_41213#
Extracting a_47217_40847#
Extracting a_47462_40847#
Extracting a_50304_41213#
Extracting a_50722_41213#
Extracting a_51412_40999#
Extracting a_52579_41174#
Extracting a_49721_40847#
Extracting a_49961_40847#
Extracting a_50397_40847#
Extracting a_50469_40847#
Extracting a_51620_40821#
Extracting a_51841_40821#
Extracting a_52325_41174#
Extracting a_51554_41174#
Extracting a_51871_41174#
Extracting a_52507_41174#
Extracting a_52793_41174#
Extracting a_53005_40847#
Extracting a_53203_40847#
Extracting a_53369_40847#
Extracting a_53937_41089#
Extracting a_53719_40847#
Extracting a_54459_40821#
Extracting a_54284_40847#
Extracting a_56843_40821#
Extracting a_57046_41099#
Extracting a_57324_41115#
Extracting a_57363_40989#
Extracting a_57519_41084#
Extracting a_57450_41213#
Extracting a_58144_41096#
Extracting a_53624_40847#
Extracting a_53827_41213#
Extracting a_51554_40847#
Extracting a_51775_40847#
Extracting a_52579_40847#
Extracting a_52800_40847#
Extracting a_54446_41213#
Extracting a_53815_40847#
Extracting a_53981_40847#
Extracting a_57280_41213#
Extracting a_54393_40847#
Extracting a_54638_40847#
Extracting a_57664_41213#
Extracting a_58082_41213#
Extracting a_58772_40999#
Extracting a_59939_41174#
Extracting a_57081_40847#
Extracting a_57321_40847#
Extracting a_57757_40847#
Extracting a_57829_40847#
Extracting a_58980_40821#
Extracting a_59201_40821#
Extracting a_59685_41174#
Extracting a_58914_41174#
Extracting a_59231_41174#
Extracting a_59867_41174#
Extracting a_60153_41174#
Extracting a_60365_40847#
Extracting a_60563_40847#
Extracting a_60729_40847#
Extracting a_61297_41089#
Extracting a_61079_40847#
Extracting a_61819_40821#
Extracting a_61644_40847#
Extracting a_60984_40847#
Extracting a_61187_41213#
Extracting a_58914_40847#
Extracting a_59135_40847#
Extracting a_59939_40847#
Extracting a_60160_40847#
Extracting a_61806_41213#
Extracting a_61175_40847#
Extracting a_61341_40847#
Extracting a_61753_40847#
Extracting a_61998_40847#
Extracting a_18427_33198#
Extracting a_37183_40277#
Extracting a_37755_40303#
Extracting a_38532_40535#
Extracting a_38740_40571#
Extracting a_38961_40601#
Extracting a_39544_40535#
Extracting a_39752_40571#
Extracting a_39973_40601#
Extracting a_40917_40342#
Extracting a_41171_40342#
Extracting a_42163_40309#
Extracting a_42329_40309#
Extracting a_42897_40277#
Extracting a_42679_40681#
Extracting a_43419_40607#
Extracting a_43244_40681#
Extracting a_44095_40309#
Extracting a_44261_40309#
Extracting a_44829_40277#
Extracting a_44611_40681#
Extracting a_45351_40607#
Extracting a_45176_40681#
Extracting a_46027_40309#
Extracting a_46193_40309#
Extracting a_46761_40277#
Extracting a_46543_40681#
Extracting a_47283_40607#
Extracting a_47108_40681#
Extracting a_49483_40277#
Extracting a_49686_40435#
Extracting a_50003_40545#
Extracting a_49964_40419#
Extracting a_50159_40277#
Extracting a_50090_40303#
Extracting a_50784_40277#
Extracting a_51412_40535#
Extracting a_51620_40571#
Extracting a_51841_40601#
Extracting a_52335_40277#
Extracting a_52538_40435#
Extracting a_52855_40545#
Extracting a_52816_40419#
Extracting a_53011_40277#
Extracting a_52942_40303#
Extracting a_53636_40277#
Extracting a_54264_40535#
Extracting a_54479_40316#
Extracting a_54693_40601#
Extracting a_56843_40277#
Extracting a_57046_40435#
Extracting a_57363_40545#
Extracting a_57324_40419#
Extracting a_57519_40277#
Extracting a_57450_40303#
Extracting a_58144_40277#
Extracting a_58772_40535#
Extracting a_59201_40601#
Extracting a_59695_40277#
Extracting a_59898_40435#
Extracting a_60215_40545#
Extracting a_60176_40419#
Extracting a_60371_40277#
Extracting a_60302_40303#
Extracting a_60996_40277#
Extracting a_61624_40535#
Extracting a_62053_40601#
Extracting a_17507_33198#
Extracting a_36607_39455#
Extracting a_38005_40623#
Extracting a_21252_36681#
Extracting a_38674_40669#
Extracting a_38895_40669#
Extracting a_21068_37145#
Extracting a_37837_40303#
Extracting a_38005_40303#
Extracting a_39686_40669#
Extracting a_39907_40669#
Extracting a_38674_40342#
Extracting a_38991_40342#
Extracting a_41171_40669#
Extracting a_41392_40669#
Extracting a_39686_40342#
Extracting a_40003_40342#
Extracting a_40811_37796#
Extracting a_42584_40669#
Extracting a_42775_40681#
Extracting a_41099_40342#
Extracting a_41385_40342#
Extracting a_42941_40669#
Extracting a_43353_40681#
Extracting a_43598_40669#
Extracting a_42787_40303#
Extracting a_36875_38823#
Extracting a_44516_40669#
Extracting a_44707_40681#
Extracting a_43406_40303#
Extracting a_44873_40669#
Extracting a_45285_40681#
Extracting a_45530_40669#
Extracting a_44719_40303#
Extracting a_44327_39447#
Extracting a_46448_40669#
Extracting a_46639_40681#
Extracting a_45338_40303#
Extracting a_46805_40669#
Extracting a_47217_40681#
Extracting a_47462_40669#
Extracting a_46651_40303#
Extracting a_44327_38359#
Extracting a_49721_40669#
Extracting a_49961_40669#
Extracting a_47270_40303#
Extracting a_50397_40669#
Extracting a_50469_40669#
Extracting a_50722_40303#
Extracting a_49920_40303#
Extracting a_51554_40669#
Extracting a_51775_40669#
Extracting a_50304_40303#
Extracting a_52573_40669#
Extracting a_52813_40669#
Extracting a_51554_40342#
Extracting a_51871_40342#
Extracting a_53249_40669#
Extracting a_53321_40669#
Extracting a_53574_40303#
Extracting a_52772_40303#
Extracting a_54406_40669#
Extracting a_54627_40669#
Extracting a_53156_40303#
Extracting a_57081_40669#
Extracting a_57321_40669#
Extracting a_54406_40342#
Extracting a_54723_40342#
Extracting a_57757_40669#
Extracting a_57829_40669#
Extracting a_58082_40303#
Extracting a_57280_40303#
Extracting a_58914_40669#
Extracting a_59135_40669#
Extracting a_57664_40303#
Extracting a_59933_40669#
Extracting a_60173_40669#
Extracting a_58914_40342#
Extracting a_59231_40342#
Extracting a_60609_40669#
Extracting a_60681_40669#
Extracting a_60934_40303#
Extracting a_60132_40303#
Extracting a_61766_40669#
Extracting a_61987_40669#
Extracting a_60516_40303#
Extracting a_61766_40342#
Extracting a_62083_40342#
Extracting a_36327_39733#
Extracting a_36530_40011#
Extracting a_36808_40027#
Extracting a_36847_39901#
Extracting a_37003_39996#
Extracting a_36934_40125#
Extracting a_36721_37039#
Extracting a_36764_40125#
Extracting a_37148_40125#
Extracting a_37566_40125#
Extracting a_38532_39911#
Extracting a_39544_39911#
Extracting a_40467_39733#
Extracting a_40670_40011#
Extracting a_40948_40027#
Extracting a_40987_39901#
Extracting a_41143_39996#
Extracting a_41074_40125#
Extracting a_41768_40008#
Extracting a_36565_39759#
Extracting a_36805_39759#
Extracting a_21252_35593#
Extracting a_37241_39759#
Extracting a_37313_39759#
Extracting a_21068_36057#
Extracting a_38740_39733#
Extracting a_38961_39733#
Extracting a_38674_40086#
Extracting a_38991_40086#
Extracting a_39752_39733#
Extracting a_39973_39733#
Extracting a_39686_40086#
Extracting a_40003_40086#
Extracting a_38674_39759#
Extracting a_38895_39759#
Extracting a_40904_40125#
Extracting a_39686_39759#
Extracting a_39907_39759#
Extracting a_41288_40125#
Extracting a_41706_40125#
Extracting a_42347_39759#
Extracting a_42149_37039#
Extracting a_42513_39759#
Extracting a_43081_40001#
Extracting a_42863_39759#
Extracting a_43603_39733#
Extracting a_43428_39759#
Extracting a_44339_39944#
Extracting a_45095_39733#
Extracting a_45431_39733#
Extracting a_46027_39759#
Extracting a_48511_39759#
Extracting a_49483_39733#
Extracting a_49686_40011#
Extracting a_49964_40027#
Extracting a_50003_39901#
Extracting a_50159_39996#
Extracting a_50090_40125#
Extracting a_50784_40008#
Extracting a_40705_39759#
Extracting a_40945_39759#
Extracting a_42768_39759#
Extracting a_42971_40125#
Extracting a_41381_39759#
Extracting a_41453_39759#
Extracting a_43590_40125#
Extracting a_42959_39759#
Extracting a_43125_39759#
Extracting a_42613_36724#
Extracting a_43432_35381#
Extracting a_44369_40009#
Extracting a_44725_40009#
Extracting a_43918_36041#
Extracting a_46193_39759#
Extracting a_49920_40125#
Extracting a_43537_39759#
Extracting a_43782_39759#
Extracting a_44557_39759#
Extracting a_50304_40125#
Extracting a_50722_40125#
Extracting a_51412_39911#
Extracting a_52579_40086#
Extracting a_49721_39759#
Extracting a_49961_39759#
Extracting a_50397_39759#
Extracting a_50469_39759#
Extracting a_51620_39733#
Extracting a_51841_39733#
Extracting a_52325_40086#
Extracting a_51554_40086#
Extracting a_51871_40086#
Extracting a_52507_40086#
Extracting a_52793_40086#
Extracting a_53005_39759#
Extracting a_53203_39759#
Extracting a_53369_39759#
Extracting a_53937_40001#
Extracting a_53719_39759#
Extracting a_54459_39733#
Extracting a_54284_39759#
Extracting a_56843_39733#
Extracting a_57046_40011#
Extracting a_57324_40027#
Extracting a_57363_39901#
Extracting a_57519_39996#
Extracting a_57450_40125#
Extracting a_58144_40008#
Extracting a_53624_39759#
Extracting a_53827_40125#
Extracting a_51554_39759#
Extracting a_51775_39759#
Extracting a_52579_39759#
Extracting a_52800_39759#
Extracting a_54446_40125#
Extracting a_53815_39759#
Extracting a_53981_39759#
Extracting a_57280_40125#
Extracting a_54393_39759#
Extracting a_54638_39759#
Extracting a_57664_40125#
Extracting a_58082_40125#
Extracting a_58772_39911#
Extracting a_59939_40086#
Extracting a_57081_39759#
Extracting a_57321_39759#
Extracting a_57757_39759#
Extracting a_57829_39759#
Extracting a_58980_39733#
Extracting a_59201_39733#
Extracting a_59685_40086#
Extracting a_58914_40086#
Extracting a_59231_40086#
Extracting a_59867_40086#
Extracting a_60153_40086#
Extracting a_60365_39759#
Extracting a_60563_39759#
Extracting a_60729_39759#
Extracting a_61297_40001#
Extracting a_61079_39759#
Extracting a_61819_39733#
Extracting a_61644_39759#
Extracting a_60984_39759#
Extracting a_61187_40125#
Extracting a_58914_39759#
Extracting a_59135_39759#
Extracting a_59939_39759#
Extracting a_60160_39759#
Extracting a_61806_40125#
Extracting a_61175_39759#
Extracting a_61341_39759#
Extracting a_61753_39759#
Extracting a_61998_39759#
Extracting a_36327_39189#
Extracting a_36530_39347#
Extracting a_36847_39457#
Extracting a_36808_39331#
Extracting a_37003_39189#
Extracting a_36934_39215#
Extracting a_37029_37039#
Extracting a_38532_39447#
Extracting a_38740_39483#
Extracting a_38961_39513#
Extracting a_39544_39447#
Extracting a_39752_39483#
Extracting a_39759_39228#
Extracting a_39973_39513#
Extracting a_40467_39189#
Extracting a_40670_39347#
Extracting a_40987_39457#
Extracting a_40948_39331#
Extracting a_41143_39189#
Extracting a_41074_39215#
Extracting a_42347_39221#
Extracting a_42651_39386#
Extracting a_42513_39221#
Extracting a_43081_39189#
Extracting a_42863_39593#
Extracting a_43603_39519#
Extracting a_43428_39593#
Extracting a_36425_35381#
Extracting a_44287_39215#
Extracting a_37639_36495#
Extracting a_45015_39215#
Extracting a_42347_38127#
Extracting a_45195_39215#
Extracting a_45719_39447#
Extracting a_46289_39447#
Extracting a_44621_38447#
Extracting a_44621_39535#
Extracting a_49483_39189#
Extracting a_49686_39347#
Extracting a_50003_39457#
Extracting a_49964_39331#
Extracting a_50159_39189#
Extracting a_50090_39215#
Extracting a_50784_39189#
Extracting a_51412_39447#
Extracting a_51620_39483#
Extracting a_51841_39513#
Extracting a_52335_39189#
Extracting a_52538_39347#
Extracting a_52855_39457#
Extracting a_52816_39331#
Extracting a_53011_39189#
Extracting a_52942_39215#
Extracting a_53636_39189#
Extracting a_54264_39447#
Extracting a_54479_39228#
Extracting a_54693_39513#
Extracting a_56916_39447#
Extracting a_57012_39189#
Extracting a_57148_39215#
Extracting a_57472_39493#
Extracting a_57556_39189#
Extracting a_57640_39529#
Extracting a_57776_39581#
Extracting a_58298_39445#
Extracting a_58864_39447#
Extracting a_59293_39513#
Extracting a_59860_39447#
Extracting a_59956_39189#
Extracting a_60092_39215#
Extracting a_60416_39493#
Extracting a_60500_39189#
Extracting a_60584_39529#
Extracting a_60720_39581#
Extracting a_61242_39445#
Extracting a_61808_39447#
Extracting a_62237_39513#
Extracting a_36565_39581#
Extracting a_36805_39581#
Extracting a_37241_39581#
Extracting a_37313_39581#
Extracting a_37566_39215#
Extracting a_36764_39215#
Extracting a_21252_34505#
Extracting a_38674_39581#
Extracting a_38895_39581#
Extracting a_21068_34969#
Extracting a_37148_39215#
Extracting a_39686_39581#
Extracting a_39907_39581#
Extracting a_38674_39254#
Extracting a_38991_39254#
Extracting a_40705_39581#
Extracting a_40945_39581#
Extracting a_39686_39254#
Extracting a_40003_39254#
Extracting a_41381_39581#
Extracting a_41453_39581#
Extracting a_41706_39215#
Extracting a_40904_39215#
Extracting a_42768_39581#
Extracting a_42959_39593#
Extracting a_43125_39581#
Extracting a_41288_39215#
Extracting a_43537_39593#
Extracting a_43782_39581#
Extracting a_42971_39215#
Extracting a_42685_36611#
Extracting a_44537_39535#
Extracting a_45285_39581#
Extracting a_43590_39215#
Extracting a_44369_39215#
Extracting a_44537_39215#
Extracting a_42236_36219#
Extracting a_43156_34293#
Extracting a_45893_39553#
Extracting a_49721_39581#
Extracting a_49961_39581#
Extracting a_46452_39331#
Extracting a_50397_39581#
Extracting a_50469_39581#
Extracting a_50722_39215#
Extracting a_49920_39215#
Extracting a_51554_39581#
Extracting a_51775_39581#
Extracting a_50304_39215#
Extracting a_52573_39581#
Extracting a_52813_39581#
Extracting a_51554_39254#
Extracting a_51871_39254#
Extracting a_53249_39581#
Extracting a_53321_39581#
Extracting a_53574_39215#
Extracting a_52772_39215#
Extracting a_54406_39581#
Extracting a_54627_39581#
Extracting a_53156_39215#
Extracting a_57354_39581#
Extracting a_57430_39581#
Extracting a_57598_39581#
Extracting a_57858_39581#
Extracting a_58044_39581#
Extracting a_58248_39215#
Extracting a_54406_39254#
Extracting a_54723_39254#
Extracting a_59006_39581#
Extracting a_59227_39581#
Extracting a_57514_39215#
Extracting a_57694_39215#
Extracting a_58044_39215#
Extracting a_60298_39581#
Extracting a_60374_39581#
Extracting a_60542_39581#
Extracting a_60802_39581#
Extracting a_60988_39581#
Extracting a_61192_39215#
Extracting a_59006_39254#
Extracting a_59323_39254#
Extracting a_61950_39581#
Extracting a_62171_39581#
Extracting a_60458_39215#
Extracting a_60638_39215#
Extracting a_60988_39215#
Extracting a_61950_39254#
Extracting a_62267_39254#
Extracting a_36425_35078#
Extracting a_36835_38921#
Extracting a_37859_38998#
Extracting a_38532_38823#
Extracting a_39544_38823#
Extracting a_18420_33453#
Extracting a_36917_38921#
Extracting a_37085_38921#
Extracting a_37169_38671#
Extracting a_36427_36475#
Extracting a_37605_38998#
Extracting a_36721_37583#
Extracting a_37433_35665#
Extracting a_37787_38998#
Extracting a_38073_38998#
Extracting a_37085_38671#
Extracting a_38285_38671#
Extracting a_21252_33417#
Extracting a_21068_33881#
Extracting a_38740_38645#
Extracting a_38961_38645#
Extracting a_38674_38998#
Extracting a_38991_38998#
Extracting a_37859_38671#
Extracting a_38080_38671#
Extracting a_40415_38671#
Extracting a_39127_34319#
Extracting a_40581_38671#
Extracting a_41040_38645#
Extracting a_40864_38671#
Extracting a_41570_38885#
Extracting a_41420_39037#
Extracting a_41990_38671#
Extracting a_39752_38645#
Extracting a_39973_38645#
Extracting a_39686_38998#
Extracting a_40003_38998#
Extracting a_38674_38671#
Extracting a_38895_38671#
Extracting a_40769_38671#
Extracting a_40950_39037#
Extracting a_41344_39037#
Extracting a_41528_39037#
Extracting a_39686_38671#
Extracting a_39907_38671#
Extracting a_42439_38671#
Extracting a_42743_38884#
Extracting a_42605_38671#
Extracting a_43173_38913#
Extracting a_42955_38671#
Extracting a_43695_38645#
Extracting a_43520_38671#
Extracting a_43283_34319#
Extracting a_44511_38645#
Extracting a_44739_38671#
Extracting a_45443_38823#
Extracting a_46013_38823#
Extracting a_49483_38645#
Extracting a_49686_38923#
Extracting a_49964_38939#
Extracting a_50003_38813#
Extracting a_50159_38908#
Extracting a_50090_39037#
Extracting a_50784_38920#
Extracting a_42860_38671#
Extracting a_43063_39037#
Extracting a_40974_38671#
Extracting a_41184_38671#
Extracting a_41444_38671#
Extracting a_41612_38671#
Extracting a_41684_38671#
Extracting a_43682_39037#
Extracting a_43051_38671#
Extracting a_43217_38671#
Extracting a_44469_38921#
Extracting a_42953_34837#
Extracting a_44905_38671#
Extracting a_37829_38140#
Extracting a_45114_37735#
Extracting a_43629_38671#
Extracting a_43874_38671#
Extracting a_43609_37359#
Extracting a_43559_35407#
Extracting a_46176_38921#
Extracting a_49920_39037#
Extracting a_45617_38699#
Extracting a_50304_39037#
Extracting a_50722_39037#
Extracting a_51412_38823#
Extracting a_52579_38998#
Extracting a_49721_38671#
Extracting a_49961_38671#
Extracting a_50397_38671#
Extracting a_50469_38671#
Extracting a_51620_38645#
Extracting a_51841_38645#
Extracting a_52325_38998#
Extracting a_51554_38998#
Extracting a_51871_38998#
Extracting a_52507_38998#
Extracting a_52793_38998#
Extracting a_53005_38671#
Extracting a_53203_38671#
Extracting a_53369_38671#
Extracting a_53937_38913#
Extracting a_53719_38671#
Extracting a_54459_38645#
Extracting a_54284_38671#
Extracting a_56843_38645#
Extracting a_57046_38923#
Extracting a_57324_38939#
Extracting a_57363_38813#
Extracting a_57519_38908#
Extracting a_57450_39037#
Extracting a_58144_38920#
Extracting a_53624_38671#
Extracting a_53827_39037#
Extracting a_51554_38671#
Extracting a_51775_38671#
Extracting a_52579_38671#
Extracting a_52800_38671#
Extracting a_54446_39037#
Extracting a_53815_38671#
Extracting a_53981_38671#
Extracting a_57280_39037#
Extracting a_54393_38671#
Extracting a_54638_38671#
Extracting a_57664_39037#
Extracting a_58082_39037#
Extracting a_58772_38823#
Extracting a_59939_38998#
Extracting a_57081_38671#
Extracting a_57321_38671#
Extracting a_57757_38671#
Extracting a_57829_38671#
Extracting a_58980_38645#
Extracting a_59201_38645#
Extracting a_59685_38998#
Extracting a_58914_38998#
Extracting a_59231_38998#
Extracting a_59867_38998#
Extracting a_60153_38998#
Extracting a_60365_38671#
Extracting a_60563_38671#
Extracting a_60729_38671#
Extracting a_61297_38913#
Extracting a_61079_38671#
Extracting a_61819_38645#
Extracting a_61644_38671#
Extracting a_60984_38671#
Extracting a_61187_39037#
Extracting a_58914_38671#
Extracting a_59135_38671#
Extracting a_59939_38671#
Extracting a_60160_38671#
Extracting a_61806_39037#
Extracting a_61175_38671#
Extracting a_61341_38671#
Extracting a_61753_38671#
Extracting a_61998_38671#
Extracting a_36355_38101#
Extracting a_36999_38101#
Extracting a_37661_38140#
Extracting a_37605_38166#
Extracting a_37859_38166#
Extracting a_38532_38359#
Extracting a_37029_37583#
Extracting a_38740_38395#
Extracting a_38961_38425#
Extracting a_39544_38359#
Extracting a_39752_38395#
Extracting a_39759_38140#
Extracting a_39973_38425#
Extracting a_40467_38101#
Extracting a_40670_38259#
Extracting a_40987_38369#
Extracting a_40948_38243#
Extracting a_41143_38101#
Extracting a_41074_38127#
Extracting a_42399_38101#
Extracting a_42602_38259#
Extracting a_42919_38369#
Extracting a_42880_38243#
Extracting a_43075_38101#
Extracting a_43006_38127#
Extracting a_43359_37583#
Extracting a_36425_36166#
Extracting a_44287_38127#
Extracting a_48511_38127#
Extracting a_49483_38101#
Extracting a_49686_38259#
Extracting a_50003_38369#
Extracting a_49964_38243#
Extracting a_50159_38101#
Extracting a_50090_38127#
Extracting a_50784_38101#
Extracting a_51412_38359#
Extracting a_48677_38127#
Extracting a_51620_38395#
Extracting a_51841_38425#
Extracting a_52335_38101#
Extracting a_52538_38259#
Extracting a_52855_38369#
Extracting a_52816_38243#
Extracting a_53011_38101#
Extracting a_52942_38127#
Extracting a_53636_38101#
Extracting a_54264_38359#
Extracting a_54479_38140#
Extracting a_54693_38425#
Extracting a_56843_38101#
Extracting a_57046_38259#
Extracting a_57363_38369#
Extracting a_57324_38243#
Extracting a_57519_38101#
Extracting a_57450_38127#
Extracting a_58144_38101#
Extracting a_58772_38359#
Extracting a_59201_38425#
Extracting a_59695_38101#
Extracting a_59898_38259#
Extracting a_60215_38369#
Extracting a_60176_38243#
Extracting a_60371_38101#
Extracting a_60302_38127#
Extracting a_60996_38101#
Extracting a_61624_38359#
Extracting a_62053_38425#
Extracting a_37859_38493#
Extracting a_38080_38493#
Extracting a_38285_38127#
Extracting a_25116_36681#
Extracting a_38674_38493#
Extracting a_38895_38493#
Extracting a_24932_37145#
Extracting a_37787_38166#
Extracting a_38073_38166#
Extracting a_39686_38493#
Extracting a_39907_38493#
Extracting a_38674_38166#
Extracting a_38991_38166#
Extracting a_40705_38493#
Extracting a_40945_38493#
Extracting a_39686_38166#
Extracting a_40003_38166#
Extracting a_41381_38493#
Extracting a_41453_38493#
Extracting a_41706_38127#
Extracting a_40904_38127#
Extracting a_42637_38493#
Extracting a_42877_38493#
Extracting a_41288_38127#
Extracting a_43313_38493#
Extracting a_43385_38493#
Extracting a_43638_38127#
Extracting a_42836_38127#
Extracting a_44537_38447#
Extracting a_49721_38493#
Extracting a_49961_38493#
Extracting a_43220_38127#
Extracting a_44369_38127#
Extracting a_44537_38127#
Extracting a_50397_38493#
Extracting a_50469_38493#
Extracting a_50722_38127#
Extracting a_49920_38127#
Extracting a_51554_38493#
Extracting a_51775_38493#
Extracting a_50304_38127#
Extracting a_52573_38493#
Extracting a_52813_38493#
Extracting a_51554_38166#
Extracting a_51871_38166#
Extracting a_53249_38493#
Extracting a_53321_38493#
Extracting a_53574_38127#
Extracting a_52772_38127#
Extracting a_54406_38493#
Extracting a_54627_38493#
Extracting a_53156_38127#
Extracting a_57081_38493#
Extracting a_57321_38493#
Extracting a_54406_38166#
Extracting a_54723_38166#
Extracting a_57757_38493#
Extracting a_57829_38493#
Extracting a_58082_38127#
Extracting a_57280_38127#
Extracting a_58914_38493#
Extracting a_59135_38493#
Extracting a_57664_38127#
Extracting a_59933_38493#
Extracting a_60173_38493#
Extracting a_58914_38166#
Extracting a_59231_38166#
Extracting a_60609_38493#
Extracting a_60681_38493#
Extracting a_60934_38127#
Extracting a_60132_38127#
Extracting a_61766_38493#
Extracting a_61987_38493#
Extracting a_60516_38127#
Extracting a_61766_38166#
Extracting a_62083_38166#
Extracting a_36275_37949#
Extracting a_36455_37949#
Extracting a_36999_37557#
Extracting a_37859_37910#
Extracting a_38532_37735#
Extracting a_39544_37735#
Extracting a_37605_37910#
Extracting a_37829_37812#
Extracting a_37579_34863#
Extracting a_37787_37910#
Extracting a_38073_37910#
Extracting a_36545_37583#
Extracting a_38285_37583#
Extracting a_25116_35593#
Extracting a_24932_36057#
Extracting a_38740_37557#
Extracting a_38961_37557#
Extracting a_38674_37910#
Extracting a_38991_37910#
Extracting a_37859_37583#
Extracting a_38080_37583#
Extracting a_40507_37583#
Extracting a_40673_37583#
Extracting a_41241_37825#
Extracting a_41023_37583#
Extracting a_41763_37557#
Extracting a_41588_37583#
Extracting a_42488_37735#
Extracting a_43408_37735#
Extracting a_44339_37735#
Extracting a_44909_37735#
Extracting a_49483_37557#
Extracting a_49686_37835#
Extracting a_49964_37851#
Extracting a_50003_37725#
Extracting a_50159_37820#
Extracting a_50090_37949#
Extracting a_50784_37832#
Extracting a_39759_36777#
Extracting a_39752_37557#
Extracting a_39973_37557#
Extracting a_39686_37910#
Extracting a_40003_37910#
Extracting a_38674_37583#
Extracting a_38895_37583#
Extracting a_40928_37583#
Extracting a_41131_37949#
Extracting a_39686_37583#
Extracting a_39907_37583#
Extracting a_41750_37949#
Extracting a_41119_37583#
Extracting a_41285_37583#
Extracting a_42917_37557#
Extracting a_42630_37910#
Extracting a_42947_37910#
Extracting a_41697_37583#
Extracting a_41942_37583#
Extracting a_42613_37052#
Extracting a_43504_37735#
Extracting a_42445_36469#
Extracting a_43837_37557#
Extracting a_43550_37910#
Extracting a_43867_37910#
Extracting a_42630_37583#
Extracting a_42851_37583#
Extracting a_43550_37583#
Extracting a_43771_37583#
Extracting a_42321_35183#
Extracting a_45072_37833#
Extracting a_49920_37949#
Extracting a_44513_37611#
Extracting a_50304_37949#
Extracting a_50722_37949#
Extracting a_51412_37735#
Extracting a_52579_37910#
Extracting a_49721_37583#
Extracting a_49961_37583#
Extracting a_50397_37583#
Extracting a_50469_37583#
Extracting a_51620_37557#
Extracting a_51841_37557#
Extracting a_52325_37910#
Extracting a_51554_37910#
Extracting a_51871_37910#
Extracting a_52507_37910#
Extracting a_52793_37910#
Extracting a_53005_37583#
Extracting a_53203_37583#
Extracting a_53369_37583#
Extracting a_53937_37825#
Extracting a_53719_37583#
Extracting a_54459_37557#
Extracting a_54284_37583#
Extracting a_56843_37557#
Extracting a_57046_37835#
Extracting a_57324_37851#
Extracting a_57363_37725#
Extracting a_57519_37820#
Extracting a_57450_37949#
Extracting a_58144_37832#
Extracting a_53624_37583#
Extracting a_53827_37949#
Extracting a_51554_37583#
Extracting a_51775_37583#
Extracting a_52579_37583#
Extracting a_52800_37583#
Extracting a_54446_37949#
Extracting a_53815_37583#
Extracting a_53981_37583#
Extracting a_57280_37949#
Extracting a_54393_37583#
Extracting a_54638_37583#
Extracting a_57664_37949#
Extracting a_58082_37949#
Extracting a_58772_37735#
Extracting a_59939_37910#
Extracting a_57081_37583#
Extracting a_57321_37583#
Extracting a_57757_37583#
Extracting a_57829_37583#
Extracting a_58980_37557#
Extracting a_59201_37557#
Extracting a_59685_37910#
Extracting a_58914_37910#
Extracting a_59231_37910#
Extracting a_59867_37910#
Extracting a_60153_37910#
Extracting a_60365_37583#
Extracting a_60563_37583#
Extracting a_60729_37583#
Extracting a_61297_37825#
Extracting a_61079_37583#
Extracting a_61819_37557#
Extracting a_61644_37583#
Extracting a_60984_37583#
Extracting a_61187_37949#
Extracting a_58914_37583#
Extracting a_59135_37583#
Extracting a_59939_37583#
Extracting a_60160_37583#
Extracting a_61806_37949#
Extracting a_61175_37583#
Extracting a_61341_37583#
Extracting a_61753_37583#
Extracting a_61998_37583#
Extracting a_36275_37039#
Extracting a_36455_37039#
Extracting a_36999_37013#
Extracting a_37605_37078#
Extracting a_37901_37307#
Extracting a_37452_34953#
Extracting a_37859_37078#
Extracting a_38532_37271#
Extracting a_38740_37307#
Extracting a_38961_37337#
Extracting a_39544_37271#
Extracting a_39752_37307#
Extracting a_39973_37337#
Extracting a_40415_37045#
Extracting a_40581_37045#
Extracting a_41149_37013#
Extracting a_40931_37417#
Extracting a_41671_37343#
Extracting a_41496_37417#
Extracting a_42389_37078#
Extracting a_42643_37078#
Extracting a_43275_37039#
Extracting a_43161_34863#
Extracting a_44044_37155#
Extracting a_41309_34319#
Extracting a_49483_37013#
Extracting a_49686_37171#
Extracting a_50003_37281#
Extracting a_49964_37155#
Extracting a_50159_37013#
Extracting a_50090_37039#
Extracting a_50784_37013#
Extracting a_51412_37271#
Extracting a_51620_37307#
Extracting a_51841_37337#
Extracting a_52335_37013#
Extracting a_52538_37171#
Extracting a_52855_37281#
Extracting a_52816_37155#
Extracting a_53011_37013#
Extracting a_52942_37039#
Extracting a_53636_37013#
Extracting a_54264_37271#
Extracting a_54479_37052#
Extracting a_54693_37337#
Extracting a_56916_37271#
Extracting a_57012_37013#
Extracting a_57148_37039#
Extracting a_57472_37317#
Extracting a_57556_37013#
Extracting a_57640_37353#
Extracting a_57776_37405#
Extracting a_58298_37269#
Extracting a_58864_37271#
Extracting a_59293_37337#
Extracting a_59860_37271#
Extracting a_59956_37013#
Extracting a_60092_37039#
Extracting a_60416_37317#
Extracting a_60500_37013#
Extracting a_60584_37353#
Extracting a_60720_37405#
Extracting a_61242_37269#
Extracting a_61808_37271#
Extracting a_62237_37337#
Extracting a_17108_37145#
Extracting a_18011_37021#
Extracting a_17059_36993#
Extracting a_18531_37359#
Extracting a_17689_32641#
Extracting a_18711_37359#
Extracting a_20972_37145#
Extracting a_21875_37021#
Extracting a_20923_36993#
Extracting a_22395_37359#
Extracting a_21553_32641#
Extracting a_22575_37359#
Extracting a_24836_37145#
Extracting a_25739_37021#
Extracting a_24787_36993#
Extracting a_26259_37359#
Extracting a_25417_32641#
Extracting a_26439_37359#
Extracting a_28700_37145#
Extracting a_29603_37021#
Extracting a_28651_36993#
Extracting a_30123_37359#
Extracting a_29281_32641#
Extracting a_30303_37359#
Extracting a_17243_36449#
Extracting a_17316_36967#
Extracting a_17537_36967#
Extracting a_17250_37320#
Extracting a_17567_37320#
Extracting a_16756_10376#
Extracting a_17250_36993#
Extracting a_17471_36993#
Extracting a_18097_37021#
Extracting a_16756_10782#
Extracting a_21107_36449#
Extracting a_21180_36967#
Extracting a_21401_36967#
Extracting a_21114_37320#
Extracting a_21431_37320#
Extracting a_18801_36993#
Extracting a_20620_10376#
Extracting a_21114_36993#
Extracting a_21335_36993#
Extracting a_21961_37021#
Extracting a_20620_10782#
Extracting a_24971_36449#
Extracting a_25044_36967#
Extracting a_25265_36967#
Extracting a_24978_37320#
Extracting a_25295_37320#
Extracting a_22665_36993#
Extracting a_24484_10376#
Extracting a_24978_36993#
Extracting a_25199_36993#
Extracting a_25825_37021#
Extracting a_24484_10782#
Extracting a_28796_37145#
Extracting a_28835_36449#
Extracting a_28908_36967#
Extracting a_29129_36967#
Extracting a_28842_37320#
Extracting a_29159_37320#
Extracting a_26529_36993#
Extracting a_28348_10376#
Extracting a_28842_36993#
Extracting a_29063_36993#
Extracting a_29689_37021#
Extracting a_28348_10782#
Extracting a_36545_37405#
Extracting a_37859_37405#
Extracting a_38080_37405#
Extracting a_30393_36993#
Extracting a_25116_34505#
Extracting a_38674_37405#
Extracting a_38895_37405#
Extracting a_24932_34969#
Extracting a_37787_37078#
Extracting a_38073_37078#
Extracting a_39686_37405#
Extracting a_39907_37405#
Extracting a_38674_37078#
Extracting a_38991_37078#
Extracting a_40836_37405#
Extracting a_41027_37417#
Extracting a_41193_37405#
Extracting a_39686_37078#
Extracting a_40003_37078#
Extracting a_41605_37417#
Extracting a_41850_37405#
Extracting a_41039_37039#
Extracting a_42643_37405#
Extracting a_42864_37405#
Extracting a_41658_37039#
Extracting a_43525_37359#
Extracting a_49721_37405#
Extracting a_49961_37405#
Extracting a_42571_37078#
Extracting a_42857_37078#
Extracting a_43357_37039#
Extracting a_43525_37039#
Extracting a_44126_37155#
Extracting a_50397_37405#
Extracting a_50469_37405#
Extracting a_50722_37039#
Extracting a_49920_37039#
Extracting a_51554_37405#
Extracting a_51775_37405#
Extracting a_50304_37039#
Extracting a_52573_37405#
Extracting a_52813_37405#
Extracting a_51554_37078#
Extracting a_51871_37078#
Extracting a_53249_37405#
Extracting a_53321_37405#
Extracting a_53574_37039#
Extracting a_52772_37039#
Extracting a_54406_37405#
Extracting a_54627_37405#
Extracting a_53156_37039#
Extracting a_57354_37405#
Extracting a_57430_37405#
Extracting a_57598_37405#
Extracting a_57858_37405#
Extracting a_58044_37405#
Extracting a_58248_37039#
Extracting a_54406_37078#
Extracting a_54723_37078#
Extracting a_59006_37405#
Extracting a_59227_37405#
Extracting a_57514_37039#
Extracting a_57694_37039#
Extracting a_58044_37039#
Extracting a_60298_37405#
Extracting a_60374_37405#
Extracting a_60542_37405#
Extracting a_60802_37405#
Extracting a_60988_37405#
Extracting a_61192_37039#
Extracting a_59006_37078#
Extracting a_59323_37078#
Extracting a_61950_37405#
Extracting a_62171_37405#
Extracting a_60458_37039#
Extracting a_60638_37039#
Extracting a_60988_37039#
Extracting a_61950_37078#
Extracting a_62267_37078#
Extracting a_36329_36469#
Extracting a_37387_36745#
Extracting a_37839_36861#
Extracting a_38019_36861#
Extracting a_38532_36647#
Extracting a_39544_36647#
Extracting a_17292_36681#
Extracting a_17721_36747#
Extracting a_18212_36681#
Extracting a_18641_36747#
Extracting a_21156_36681#
Extracting a_21585_36747#
Extracting a_22076_36681#
Extracting a_22505_36747#
Extracting a_25020_36681#
Extracting a_25449_36747#
Extracting a_25940_36681#
Extracting a_26369_36747#
Extracting a_28884_36681#
Extracting a_28980_36681#
Extracting a_29313_36747#
Extracting a_29804_36681#
Extracting a_30233_36747#
Extracting a_17255_32793#
Extracting a_17434_36815#
Extracting a_17655_36815#
Extracting a_18354_36815#
Extracting a_18575_36815#
Extracting a_17434_36488#
Extracting a_17751_36488#
Extracting a_21298_36815#
Extracting a_21519_36815#
Extracting a_18354_36488#
Extracting a_18671_36488#
Extracting a_22218_36815#
Extracting a_22439_36815#
Extracting a_21298_36488#
Extracting a_21615_36488#
Extracting a_25162_36815#
Extracting a_25383_36815#
Extracting a_22218_36488#
Extracting a_22535_36488#
Extracting a_26082_36815#
Extracting a_26303_36815#
Extracting a_25162_36488#
Extracting a_25479_36488#
Extracting a_29026_36815#
Extracting a_29247_36815#
Extracting a_26082_36488#
Extracting a_26399_36488#
Extracting a_29946_36815#
Extracting a_30167_36815#
Extracting a_29026_36488#
Extracting a_29343_36488#
Extracting a_36499_36647#
Extracting a_37195_36501#
Extracting a_36457_36745#
Extracting a_37469_36745#
Extracting a_29946_36488#
Extracting a_30263_36488#
Extracting a_38285_36495#
Extracting a_25116_33417#
Extracting a_24932_33881#
Extracting a_38740_36469#
Extracting a_38961_36469#
Extracting a_38674_36822#
Extracting a_38991_36822#
Extracting a_38109_36495#
Extracting a_40415_36495#
Extracting a_40581_36495#
Extracting a_41149_36737#
Extracting a_40931_36495#
Extracting a_41671_36469#
Extracting a_41496_36495#
Extracting a_42643_36822#
Extracting a_43327_36647#
Extracting a_43897_36647#
Extracting a_49483_36469#
Extracting a_49686_36747#
Extracting a_49964_36763#
Extracting a_50003_36637#
Extracting a_50159_36732#
Extracting a_50090_36861#
Extracting a_50784_36744#
Extracting a_39752_36469#
Extracting a_39973_36469#
Extracting a_39686_36822#
Extracting a_40003_36822#
Extracting a_38674_36495#
Extracting a_38895_36495#
Extracting a_40836_36495#
Extracting a_41039_36861#
Extracting a_39686_36495#
Extracting a_39907_36495#
Extracting a_41658_36861#
Extracting a_41027_36495#
Extracting a_41193_36495#
Extracting a_42389_36822#
Extracting a_42571_36822#
Extracting a_42857_36822#
Extracting a_41605_36495#
Extracting a_41850_36495#
Extracting a_42643_36495#
Extracting a_42864_36495#
Extracting a_37452_34293#
Extracting a_44060_36745#
Extracting a_49920_36861#
Extracting a_43501_36523#
Extracting a_50304_36861#
Extracting a_50722_36861#
Extracting a_51412_36647#
Extracting a_52579_36822#
Extracting a_49721_36495#
Extracting a_49961_36495#
Extracting a_50397_36495#
Extracting a_50469_36495#
Extracting a_51620_36469#
Extracting a_51841_36469#
Extracting a_52325_36822#
Extracting a_51554_36822#
Extracting a_51871_36822#
Extracting a_52507_36822#
Extracting a_52793_36822#
Extracting a_53005_36495#
Extracting a_53203_36495#
Extracting a_53369_36495#
Extracting a_53937_36737#
Extracting a_53719_36495#
Extracting a_54459_36469#
Extracting a_54284_36495#
Extracting a_56843_36469#
Extracting a_57046_36747#
Extracting a_57324_36763#
Extracting a_57363_36637#
Extracting a_57519_36732#
Extracting a_57450_36861#
Extracting a_58144_36744#
Extracting a_53624_36495#
Extracting a_53827_36861#
Extracting a_51554_36495#
Extracting a_51775_36495#
Extracting a_52579_36495#
Extracting a_52800_36495#
Extracting a_54446_36861#
Extracting a_53815_36495#
Extracting a_53981_36495#
Extracting a_57280_36861#
Extracting a_54393_36495#
Extracting a_54638_36495#
Extracting a_57664_36861#
Extracting a_58082_36861#
Extracting a_58772_36647#
Extracting a_59939_36822#
Extracting a_57081_36495#
Extracting a_57321_36495#
Extracting a_57757_36495#
Extracting a_57829_36495#
Extracting a_58980_36469#
Extracting a_59201_36469#
Extracting a_59685_36822#
Extracting a_58914_36822#
Extracting a_59231_36822#
Extracting a_59867_36822#
Extracting a_60153_36822#
Extracting a_60365_36495#
Extracting a_60563_36495#
Extracting a_60729_36495#
Extracting a_61297_36737#
Extracting a_61079_36495#
Extracting a_61819_36469#
Extracting a_61644_36495#
Extracting a_60984_36495#
Extracting a_61187_36861#
Extracting a_58914_36495#
Extracting a_59135_36495#
Extracting a_59939_36495#
Extracting a_60160_36495#
Extracting a_61806_36861#
Extracting a_61175_36495#
Extracting a_61341_36495#
Extracting a_61753_36495#
Extracting a_61998_36495#
Extracting a_36327_35925#
Extracting a_36503_36257#
Extracting a_36919_35951#
Extracting a_37839_35951#
Extracting a_38019_35951#
Extracting a_38543_36183#
Extracting a_39555_36183#
Extracting a_40099_35925#
Extracting a_40302_36083#
Extracting a_40619_36193#
Extracting a_40580_36067#
Extracting a_40775_35925#
Extracting a_40706_35951#
Extracting a_41059_34863#
Extracting a_42028_36183#
Extracting a_42457_36249#
Extracting a_42907_35951#
Extracting a_43713_36183#
Extracting a_49483_35925#
Extracting a_49686_36083#
Extracting a_50003_36193#
Extracting a_49964_36067#
Extracting a_50159_35925#
Extracting a_50090_35951#
Extracting a_50784_35925#
Extracting a_51412_36183#
Extracting a_51620_36219#
Extracting a_38771_35967#
Extracting a_51841_36249#
Extracting a_52335_35925#
Extracting a_52538_36083#
Extracting a_52855_36193#
Extracting a_52816_36067#
Extracting a_53011_35925#
Extracting a_52942_35951#
Extracting a_53636_35925#
Extracting a_54264_36183#
Extracting a_54479_35964#
Extracting a_54693_36249#
Extracting a_56843_35925#
Extracting a_57046_36083#
Extracting a_57363_36193#
Extracting a_57324_36067#
Extracting a_57519_35925#
Extracting a_57450_35951#
Extracting a_58144_35925#
Extracting a_58772_36183#
Extracting a_39783_35967#
Extracting a_59201_36249#
Extracting a_59695_35925#
Extracting a_59898_36083#
Extracting a_60215_36193#
Extracting a_60176_36067#
Extracting a_60371_35925#
Extracting a_60302_35951#
Extracting a_60996_35925#
Extracting a_61624_36183#
Extracting a_62053_36249#
Extracting a_17108_36057#
Extracting a_18011_35933#
Extracting a_17059_35905#
Extracting a_18531_36271#
Extracting a_18711_36271#
Extracting a_20972_36057#
Extracting a_21875_35933#
Extracting a_20923_35905#
Extracting a_22395_36271#
Extracting a_22575_36271#
Extracting a_24836_36057#
Extracting a_25739_35933#
Extracting a_24787_35905#
Extracting a_26259_36271#
Extracting a_26439_36271#
Extracting a_28700_36057#
Extracting a_29603_35933#
Extracting a_28651_35905#
Extracting a_30123_36271#
Extracting a_30303_36271#
Extracting a_17481_32899#
Extracting a_17243_35361#
Extracting a_17316_35879#
Extracting a_17537_35879#
Extracting a_17250_36232#
Extracting a_17567_36232#
Extracting a_16756_14376#
Extracting a_17250_35905#
Extracting a_17471_35905#
Extracting a_18097_35933#
Extracting a_16756_14782#
Extracting a_21107_35361#
Extracting a_21180_35879#
Extracting a_21401_35879#
Extracting a_21114_36232#
Extracting a_21431_36232#
Extracting a_18801_35905#
Extracting a_20620_14376#
Extracting a_21114_35905#
Extracting a_21335_35905#
Extracting a_21961_35933#
Extracting a_20620_14782#
Extracting a_24971_35361#
Extracting a_25044_35879#
Extracting a_25265_35879#
Extracting a_24978_36232#
Extracting a_25295_36232#
Extracting a_22665_35905#
Extracting a_24484_14376#
Extracting a_24978_35905#
Extracting a_25199_35905#
Extracting a_25825_35933#
Extracting a_24484_14782#
Extracting a_28796_36057#
Extracting a_28835_35361#
Extracting a_28908_35879#
Extracting a_29129_35879#
Extracting a_28842_36232#
Extracting a_29159_36232#
Extracting a_26529_35905#
Extracting a_28348_14376#
Extracting a_28842_35905#
Extracting a_29063_35905#
Extracting a_29689_35933#
Extracting a_28348_14782#
Extracting a_36455_36317#
Extracting a_30393_35905#
Extracting a_38109_36317#
Extracting a_38077_34837#
Extracting a_38717_36289#
Extracting a_37310_34471#
Extracting a_39729_36289#
Extracting a_39209_35951#
Extracting a_36425_34293#
Extracting a_40337_36317#
Extracting a_40577_36317#
Extracting a_41013_36317#
Extracting a_41085_36317#
Extracting a_41338_35951#
Extracting a_40536_35951#
Extracting a_41400_35656#
Extracting a_42170_36317#
Extracting a_42391_36317#
Extracting a_40920_35951#
Extracting a_43157_36271#
Extracting a_49721_36317#
Extracting a_49961_36317#
Extracting a_42170_35990#
Extracting a_42487_35990#
Extracting a_42989_35951#
Extracting a_43157_35951#
Extracting a_43876_36067#
Extracting a_50397_36317#
Extracting a_50469_36317#
Extracting a_50722_35951#
Extracting a_49920_35951#
Extracting a_51554_36317#
Extracting a_51775_36317#
Extracting a_50304_35951#
Extracting a_52573_36317#
Extracting a_52813_36317#
Extracting a_51554_35990#
Extracting a_51871_35990#
Extracting a_53249_36317#
Extracting a_53321_36317#
Extracting a_53574_35951#
Extracting a_52772_35951#
Extracting a_54406_36317#
Extracting a_54627_36317#
Extracting a_53156_35951#
Extracting a_57081_36317#
Extracting a_57321_36317#
Extracting a_54406_35990#
Extracting a_54723_35990#
Extracting a_57757_36317#
Extracting a_57829_36317#
Extracting a_58082_35951#
Extracting a_57280_35951#
Extracting a_58914_36317#
Extracting a_59135_36317#
Extracting a_57664_35951#
Extracting a_59933_36317#
Extracting a_60173_36317#
Extracting a_58914_35990#
Extracting a_59231_35990#
Extracting a_60609_36317#
Extracting a_60681_36317#
Extracting a_60934_35951#
Extracting a_60132_35951#
Extracting a_61766_36317#
Extracting a_61987_36317#
Extracting a_60516_35951#
Extracting a_61766_35990#
Extracting a_62083_35990#
Extracting a_36327_35381#
Extracting a_36503_35381#
Extracting a_37195_35773#
Extracting a_37375_35773#
Extracting a_37839_35773#
Extracting a_38019_35773#
Extracting a_38543_35559#
Extracting a_39555_35559#
Extracting a_40099_35381#
Extracting a_40302_35659#
Extracting a_40580_35675#
Extracting a_40619_35549#
Extracting a_40775_35644#
Extracting a_40706_35773#
Extracting a_17292_35593#
Extracting a_17721_35659#
Extracting a_18212_35593#
Extracting a_18641_35659#
Extracting a_21156_35593#
Extracting a_21585_35659#
Extracting a_22076_35593#
Extracting a_22505_35659#
Extracting a_25020_35593#
Extracting a_25449_35659#
Extracting a_25940_35593#
Extracting a_26369_35659#
Extracting a_28884_35593#
Extracting a_28980_35593#
Extracting a_29313_35659#
Extracting a_29804_35593#
Extracting a_30233_35659#
Extracting a_21345_32899#
Extracting a_17434_35727#
Extracting a_17655_35727#
Extracting a_18354_35727#
Extracting a_18575_35727#
Extracting a_17434_35400#
Extracting a_17751_35400#
Extracting a_21298_35727#
Extracting a_21519_35727#
Extracting a_18354_35400#
Extracting a_18671_35400#
Extracting a_22218_35727#
Extracting a_22439_35727#
Extracting a_21298_35400#
Extracting a_21615_35400#
Extracting a_25162_35727#
Extracting a_25383_35727#
Extracting a_22218_35400#
Extracting a_22535_35400#
Extracting a_26082_35727#
Extracting a_26303_35727#
Extracting a_25162_35400#
Extracting a_25479_35400#
Extracting a_29026_35727#
Extracting a_29247_35727#
Extracting a_26082_35400#
Extracting a_26399_35400#
Extracting a_29946_35727#
Extracting a_30167_35727#
Extracting a_29026_35400#
Extracting a_29343_35400#
Extracting a_29946_35400#
Extracting a_30263_35400#
Extracting a_37641_35407#
Extracting a_36455_35407#
Extracting a_37465_35407#
Extracting a_38771_35409#
Extracting a_38109_35407#
Extracting a_39783_35409#
Extracting a_38717_35435#
Extracting a_39213_35407#
Extracting a_40536_35773#
Extracting a_39729_35435#
Extracting a_40920_35773#
Extracting a_41338_35773#
Extracting a_42039_35592#
Extracting a_42793_35559#
Extracting a_43308_35657#
Extracting a_49483_35381#
Extracting a_49686_35659#
Extracting a_49964_35675#
Extracting a_50003_35549#
Extracting a_50159_35644#
Extracting a_50090_35773#
Extracting a_50784_35656#
Extracting a_40337_35407#
Extracting a_40577_35407#
Extracting a_41013_35407#
Extracting a_41085_35407#
Extracting a_42069_35657#
Extracting a_42425_35657#
Extracting a_40403_34876#
Extracting a_42956_35657#
Extracting a_43390_35657#
Extracting a_49920_35773#
Extracting a_42257_35407#
Extracting a_50304_35773#
Extracting a_50722_35773#
Extracting a_51412_35559#
Extracting a_52579_35734#
Extracting a_49721_35407#
Extracting a_49961_35407#
Extracting a_50397_35407#
Extracting a_50469_35407#
Extracting a_51620_35381#
Extracting a_51841_35381#
Extracting a_52325_35734#
Extracting a_51554_35734#
Extracting a_51871_35734#
Extracting a_52507_35734#
Extracting a_52793_35734#
Extracting a_53005_35407#
Extracting a_53203_35407#
Extracting a_53369_35407#
Extracting a_53937_35649#
Extracting a_53719_35407#
Extracting a_54459_35381#
Extracting a_54284_35407#
Extracting a_56843_35381#
Extracting a_57046_35659#
Extracting a_57324_35675#
Extracting a_57363_35549#
Extracting a_57519_35644#
Extracting a_57450_35773#
Extracting a_58144_35656#
Extracting a_53624_35407#
Extracting a_53827_35773#
Extracting a_51554_35407#
Extracting a_51775_35407#
Extracting a_52579_35407#
Extracting a_52800_35407#
Extracting a_54446_35773#
Extracting a_53815_35407#
Extracting a_53981_35407#
Extracting a_57280_35773#
Extracting a_54393_35407#
Extracting a_54638_35407#
Extracting a_57664_35773#
Extracting a_58082_35773#
Extracting a_58772_35559#
Extracting a_59939_35734#
Extracting a_57081_35407#
Extracting a_57321_35407#
Extracting a_57757_35407#
Extracting a_57829_35407#
Extracting a_58980_35381#
Extracting a_59201_35381#
Extracting a_59685_35734#
Extracting a_58914_35734#
Extracting a_59231_35734#
Extracting a_59867_35734#
Extracting a_60153_35734#
Extracting a_60365_35407#
Extracting a_60563_35407#
Extracting a_60729_35407#
Extracting a_61297_35649#
Extracting a_61079_35407#
Extracting a_61819_35381#
Extracting a_61644_35407#
Extracting a_60984_35407#
Extracting a_61187_35773#
Extracting a_58914_35407#
Extracting a_59135_35407#
Extracting a_59939_35407#
Extracting a_60160_35407#
Extracting a_61806_35773#
Extracting a_61175_35407#
Extracting a_61341_35407#
Extracting a_61753_35407#
Extracting a_61998_35407#
Extracting a_36327_34837#
Extracting a_36503_35169#
Extracting a_37328_34979#
Extracting a_37839_34863#
Extracting a_38019_34863#
Extracting a_38543_35095#
Extracting a_39549_34837#
Extracting a_17108_34969#
Extracting a_18011_34845#
Extracting a_17059_34817#
Extracting a_18531_35183#
Extracting a_18711_35183#
Extracting a_20972_34969#
Extracting a_21875_34845#
Extracting a_20923_34817#
Extracting a_22395_35183#
Extracting a_22575_35183#
Extracting a_24836_34969#
Extracting a_25739_34845#
Extracting a_24787_34817#
Extracting a_26259_35183#
Extracting a_26439_35183#
Extracting a_28700_34969#
Extracting a_29603_34845#
Extracting a_28651_34817#
Extracting a_30123_35183#
Extracting a_30303_35183#
Extracting a_25209_32899#
Extracting a_17243_34273#
Extracting a_17316_34791#
Extracting a_17537_34791#
Extracting a_17250_35144#
Extracting a_17567_35144#
Extracting a_16756_18782#
Extracting a_17250_34817#
Extracting a_17471_34817#
Extracting a_18097_34845#
Extracting a_16756_18376#
Extracting a_21107_34273#
Extracting a_21180_34791#
Extracting a_21401_34791#
Extracting a_21114_35144#
Extracting a_21431_35144#
Extracting a_18801_34817#
Extracting a_20620_18782#
Extracting a_21114_34817#
Extracting a_21335_34817#
Extracting a_21961_34845#
Extracting a_20620_18376#
Extracting a_24971_34273#
Extracting a_25044_34791#
Extracting a_25265_34791#
Extracting a_24978_35144#
Extracting a_25295_35144#
Extracting a_22665_34817#
Extracting a_24484_18782#
Extracting a_24978_34817#
Extracting a_25199_34817#
Extracting a_25825_34845#
Extracting a_24484_18376#
Extracting a_28796_34969#
Extracting a_28835_34273#
Extracting a_28908_34791#
Extracting a_29129_34791#
Extracting a_28842_35144#
Extracting a_29159_35144#
Extracting a_26529_34817#
Extracting a_28348_18782#
Extracting a_28842_34817#
Extracting a_29063_34817#
Extracting a_29689_34845#
Extracting a_28348_18376#
Extracting a_36455_35229#
Extracting a_30393_34817#
Extracting a_38109_35229#
Extracting a_37410_34979#
Extracting a_28980_34505#
Extracting a_38771_34879#
Extracting a_38717_35201#
Extracting a_39213_35183#
Extracting a_38077_34577#
Extracting a_39647_34877#
Extracting a_39719_34953#
Extracting a_40188_35095#
Extracting a_40617_35161#
Extracting a_41108_35095#
Extracting a_41316_35131#
Extracting a_41537_35161#
Extracting a_41987_34863#
Extracting a_42715_34863#
Extracting a_42895_34863#
Extracting a_43437_35095#
Extracting a_42045_34319#
Extracting a_49483_34837#
Extracting a_49686_34995#
Extracting a_50003_35105#
Extracting a_49964_34979#
Extracting a_50159_34837#
Extracting a_50090_34863#
Extracting a_50784_34837#
Extracting a_51412_35095#
Extracting a_51620_35131#
Extracting a_51841_35161#
Extracting a_52335_34837#
Extracting a_52538_34995#
Extracting a_52855_35105#
Extracting a_52816_34979#
Extracting a_53011_34837#
Extracting a_52942_34863#
Extracting a_53636_34837#
Extracting a_54264_35095#
Extracting a_54479_34876#
Extracting a_54693_35161#
Extracting a_56916_35095#
Extracting a_57012_34837#
Extracting a_57148_34863#
Extracting a_57472_35141#
Extracting a_57556_34837#
Extracting a_57640_35177#
Extracting a_57776_35229#
Extracting a_58298_35093#
Extracting a_58864_35095#
Extracting a_59293_35161#
Extracting a_59860_35095#
Extracting a_59956_34837#
Extracting a_60092_34863#
Extracting a_60416_35141#
Extracting a_60500_34837#
Extracting a_60584_35177#
Extracting a_60720_35229#
Extracting a_61242_35093#
Extracting a_61808_35095#
Extracting a_62237_35161#
Extracting a_40330_35229#
Extracting a_40551_35229#
Extracting a_39677_34979#
Extracting a_41250_35229#
Extracting a_41471_35229#
Extracting a_40330_34902#
Extracting a_40647_34902#
Extracting a_42237_35183#
Extracting a_42985_35229#
Extracting a_41250_34902#
Extracting a_41567_34902#
Extracting a_42069_34863#
Extracting a_42237_34863#
Extracting a_43014_34471#
Extracting a_49721_35229#
Extracting a_49961_35229#
Extracting a_43600_34979#
Extracting a_50397_35229#
Extracting a_50469_35229#
Extracting a_50722_34863#
Extracting a_49920_34863#
Extracting a_51554_35229#
Extracting a_51775_35229#
Extracting a_50304_34863#
Extracting a_52573_35229#
Extracting a_52813_35229#
Extracting a_51554_34902#
Extracting a_51871_34902#
Extracting a_53249_35229#
Extracting a_53321_35229#
Extracting a_53574_34863#
Extracting a_52772_34863#
Extracting a_54406_35229#
Extracting a_54627_35229#
Extracting a_53156_34863#
Extracting a_57354_35229#
Extracting a_57430_35229#
Extracting a_57598_35229#
Extracting a_57858_35229#
Extracting a_58044_35229#
Extracting a_58248_34863#
Extracting a_54406_34902#
Extracting a_54723_34902#
Extracting a_59006_35229#
Extracting a_59227_35229#
Extracting a_57514_34863#
Extracting a_57694_34863#
Extracting a_58044_34863#
Extracting a_60298_35229#
Extracting a_60374_35229#
Extracting a_60542_35229#
Extracting a_60802_35229#
Extracting a_60988_35229#
Extracting a_61192_34863#
Extracting a_59006_34902#
Extracting a_59323_34902#
Extracting a_61950_35229#
Extracting a_62171_35229#
Extracting a_60458_34863#
Extracting a_60638_34863#
Extracting a_60988_34863#
Extracting a_61950_34902#
Extracting a_62267_34902#
Extracting a_36327_34293#
Extracting a_36503_34293#
Extracting a_37328_34569#
Extracting a_37839_34685#
Extracting a_38019_34685#
Extracting a_38543_34471#
Extracting a_39555_34471#
Extracting a_40096_34471#
Extracting a_40975_34569#
Extracting a_41711_34569#
Extracting a_42499_34471#
Extracting a_43032_34569#
Extracting a_49483_34293#
Extracting a_49686_34571#
Extracting a_49964_34587#
Extracting a_50003_34461#
Extracting a_50159_34556#
Extracting a_50090_34685#
Extracting a_50784_34568#
Extracting a_17292_34505#
Extracting a_17721_34571#
Extracting a_18212_34505#
Extracting a_18641_34571#
Extracting a_21156_34505#
Extracting a_21585_34571#
Extracting a_22076_34505#
Extracting a_22505_34571#
Extracting a_25020_34505#
Extracting a_25449_34571#
Extracting a_25940_34505#
Extracting a_26369_34571#
Extracting a_28884_34505#
Extracting a_29313_34571#
Extracting a_29804_34505#
Extracting a_30233_34571#
Extracting a_29073_32899#
Extracting a_17434_34639#
Extracting a_17655_34639#
Extracting a_18354_34639#
Extracting a_18575_34639#
Extracting a_17434_34312#
Extracting a_17751_34312#
Extracting a_21298_34639#
Extracting a_21519_34639#
Extracting a_18354_34312#
Extracting a_18671_34312#
Extracting a_22218_34639#
Extracting a_22439_34639#
Extracting a_21298_34312#
Extracting a_21615_34312#
Extracting a_25162_34639#
Extracting a_25383_34639#
Extracting a_22218_34312#
Extracting a_22535_34312#
Extracting a_26082_34639#
Extracting a_26303_34639#
Extracting a_25162_34312#
Extracting a_25479_34312#
Extracting a_29026_34639#
Extracting a_29247_34639#
Extracting a_26082_34312#
Extracting a_26399_34312#
Extracting a_29946_34639#
Extracting a_30167_34639#
Extracting a_29026_34312#
Extracting a_29343_34312#
Extracting a_29946_34312#
Extracting a_30263_34312#
Extracting a_37410_34569#
Extracting a_36455_34319#
Extracting a_28980_33417#
Extracting a_38651_34471#
Extracting a_38109_34319#
Extracting a_28796_33881#
Extracting a_39783_34321#
Extracting a_38717_34347#
Extracting a_39209_34319#
Extracting a_40525_34293#
Extracting a_40238_34646#
Extracting a_40555_34646#
Extracting a_39729_34347#
Extracting a_41057_34569#
Extracting a_41225_34569#
Extracting a_41793_34569#
Extracting a_41961_34569#
Extracting a_40238_34319#
Extracting a_40459_34319#
Extracting a_41225_34319#
Extracting a_41961_34319#
Extracting a_43114_34569#
Extracting a_49920_34685#
Extracting a_42673_34347#
Extracting a_50304_34685#
Extracting a_50722_34685#
Extracting a_51412_34471#
Extracting a_52579_34646#
Extracting a_49721_34319#
Extracting a_49961_34319#
Extracting a_50397_34319#
Extracting a_50469_34319#
Extracting a_51620_34293#
Extracting a_51841_34293#
Extracting a_52325_34646#
Extracting a_51554_34646#
Extracting a_51871_34646#
Extracting a_52507_34646#
Extracting a_52793_34646#
Extracting a_53005_34319#
Extracting a_53203_34319#
Extracting a_53369_34319#
Extracting a_53937_34561#
Extracting a_53719_34319#
Extracting a_54459_34293#
Extracting a_54284_34319#
Extracting a_56843_34293#
Extracting a_57046_34571#
Extracting a_57324_34587#
Extracting a_57363_34461#
Extracting a_57519_34556#
Extracting a_57450_34685#
Extracting a_58144_34568#
Extracting a_53624_34319#
Extracting a_53827_34685#
Extracting a_51554_34319#
Extracting a_51775_34319#
Extracting a_52579_34319#
Extracting a_52800_34319#
Extracting a_54446_34685#
Extracting a_53815_34319#
Extracting a_53981_34319#
Extracting a_57280_34685#
Extracting a_54393_34319#
Extracting a_54638_34319#
Extracting a_57664_34685#
Extracting a_58082_34685#
Extracting a_58772_34471#
Extracting a_59939_34646#
Extracting a_57081_34319#
Extracting a_57321_34319#
Extracting a_57757_34319#
Extracting a_57829_34319#
Extracting a_58980_34293#
Extracting a_59201_34293#
Extracting a_59685_34646#
Extracting a_58914_34646#
Extracting a_59231_34646#
Extracting a_59867_34646#
Extracting a_60153_34646#
Extracting a_60365_34319#
Extracting a_60563_34319#
Extracting a_60729_34319#
Extracting a_61297_34561#
Extracting a_61079_34319#
Extracting a_61819_34293#
Extracting a_61644_34319#
Extracting a_60984_34319#
Extracting a_61187_34685#
Extracting a_58914_34319#
Extracting a_59135_34319#
Extracting a_59939_34319#
Extracting a_60160_34319#
Extracting a_61806_34685#
Extracting a_61175_34319#
Extracting a_61341_34319#
Extracting a_61753_34319#
Extracting a_61998_34319#
Extracting a_17108_33881#
Extracting a_18011_33757#
Extracting a_17059_33729#
Extracting a_18531_34095#
Extracting a_18711_34095#
Extracting a_20972_33881#
Extracting a_21875_33757#
Extracting a_20923_33729#
Extracting a_22395_34095#
Extracting a_22575_34095#
Extracting a_24836_33881#
Extracting a_25739_33757#
Extracting a_24787_33729#
Extracting a_26259_34095#
Extracting a_26439_34095#
Extracting a_28700_33881#
Extracting a_29603_33757#
Extracting a_28651_33729#
Extracting a_30123_34095#
Extracting a_30303_34095#
Extracting a_17243_33185#
Extracting a_17316_33703#
Extracting a_17537_33703#
Extracting a_17250_34056#
Extracting a_17567_34056#
Extracting a_18148_18782#
Extracting a_17250_33729#
Extracting a_17471_33729#
Extracting a_18097_33757#
Extracting a_18148_18376#
Extracting a_21107_33185#
Extracting a_21180_33703#
Extracting a_21401_33703#
Extracting a_21114_34056#
Extracting a_21431_34056#
Extracting a_18801_33729#
Extracting a_22012_18782#
Extracting a_21114_33729#
Extracting a_21335_33729#
Extracting a_21961_33757#
Extracting a_22012_18376#
Extracting a_24971_33185#
Extracting a_25044_33703#
Extracting a_25265_33703#
Extracting a_24978_34056#
Extracting a_25295_34056#
Extracting a_22665_33729#
Extracting a_25876_18782#
Extracting a_24978_33729#
Extracting a_25199_33729#
Extracting a_25825_33757#
Extracting a_25876_18376#
Extracting a_28835_33185#
Extracting a_28908_33703#
Extracting a_29129_33703#
Extracting a_28842_34056#
Extracting a_29159_34056#
Extracting a_26529_33729#
Extracting a_29740_18782#
Extracting a_28842_33729#
Extracting a_29063_33729#
Extracting a_29689_33757#
Extracting a_29740_18376#
Extracting a_30393_33729#
Extracting a_17292_33417#
Extracting a_17721_33483#
Extracting a_18212_33417#
Extracting a_18641_33483#
Extracting a_21156_33417#
Extracting a_21585_33483#
Extracting a_22076_33417#
Extracting a_22505_33483#
Extracting a_25020_33417#
Extracting a_25449_33483#
Extracting a_25940_33417#
Extracting a_26369_33483#
Extracting a_28884_33417#
Extracting a_29313_33483#
Extracting a_29804_33417#
Extracting a_30233_33483#
Extracting a_17434_33551#
Extracting a_17655_33551#
Extracting a_18354_33551#
Extracting a_18575_33551#
Extracting a_17434_33224#
Extracting a_17751_33224#
Extracting a_21298_33551#
Extracting a_21519_33551#
Extracting a_18354_33224#
Extracting a_18671_33224#
Extracting a_22218_33551#
Extracting a_22439_33551#
Extracting a_21298_33224#
Extracting a_21615_33224#
Extracting a_25162_33551#
Extracting a_25383_33551#
Extracting a_22218_33224#
Extracting a_22535_33224#
Extracting a_26082_33551#
Extracting a_26303_33551#
Extracting a_25162_33224#
Extracting a_25479_33224#
Extracting a_29026_33551#
Extracting a_29247_33551#
Extracting a_26082_33224#
Extracting a_26399_33224#
Extracting a_29946_33551#
Extracting a_30167_33551#
Extracting a_29026_33224#
Extracting a_29343_33224#
Extracting a_29946_33224#
Extracting a_30263_33224#
Extracting a_17243_33007#
Extracting a_17423_33007#
Extracting a_21107_33007#
Extracting a_21287_33007#
Extracting a_24971_33007#
Extracting a_25151_33007#
Extracting a_28835_33007#
Extracting a_29015_33007#
Extracting a_17513_32641#
Extracting a_21377_32641#
Extracting a_25241_32641#
Extracting a_29105_32641#
Extracting a_16626_26020#
Extracting a_14855_23023#
Extracting a_17050_26464#
Extracting a_18018_26020#
Extracting a_18442_26464#
Extracting a_19410_26020#
Extracting a_19834_26464#
Extracting a_10991_23023#
Extracting a_16754_24730#
Extracting a_18146_24730#
Extracting a_19538_24730#
Extracting a_16812_8642#
Extracting a_16626_22020#
Extracting a_17050_22464#
Extracting a_18018_22020#
Extracting a_18442_22464#
Extracting a_19410_22020#
Extracting a_19834_22464#
Extracting a_16754_20730#
Extracting a_18146_20730#
Extracting a_19538_20730#
Extracting a_16626_18020#
Extracting a_17050_18464#
Extracting a_18018_18020#
Extracting a_18442_18464#
Extracting a_19410_18020#
Extracting a_19834_18464#
Extracting a_16754_16730#
Extracting a_18146_16730#
Extracting a_19588_18020#
Extracting a_16626_14020#
Extracting a_17050_14464#
Extracting a_18018_14020#
Extracting a_18442_14464#
Extracting a_19410_14020#
Extracting a_19834_14464#
Extracting a_16804_14020#
Extracting a_18196_14020#
Extracting a_19588_14020#
Extracting a_16626_10020#
Extracting a_17050_10464#
Extracting a_18018_10020#
Extracting a_18442_10464#
Extracting a_19410_10020#
Extracting a_19834_10464#
Extracting a_16804_10020#
Extracting a_18196_10020#
Extracting a_19588_10020#
Extracting a_20490_26020#
Extracting a_20914_26464#
Extracting a_21882_26020#
Extracting a_22306_26464#
Extracting a_23274_26020#
Extracting a_23698_26464#
Extracting a_20618_24730#
Extracting a_22010_24730#
Extracting a_23402_24730#
Extracting a_20490_22020#
Extracting a_20914_22464#
Extracting a_21882_22020#
Extracting a_22306_22464#
Extracting a_23274_22020#
Extracting a_23698_22464#
Extracting a_20618_20730#
Extracting a_22010_20730#
Extracting a_23402_20730#
Extracting a_20490_18020#
Extracting a_20914_18464#
Extracting a_21882_18020#
Extracting a_22306_18464#
Extracting a_23274_18020#
Extracting a_23698_18464#
Extracting a_20618_16730#
Extracting a_22010_16730#
Extracting a_23452_18020#
Extracting a_20490_14020#
Extracting a_20914_14464#
Extracting a_21882_14020#
Extracting a_22306_14464#
Extracting a_23274_14020#
Extracting a_23698_14464#
Extracting a_20668_14020#
Extracting a_22060_14020#
Extracting a_23452_14020#
Extracting a_20490_10020#
Extracting a_20914_10464#
Extracting a_21882_10020#
Extracting a_22306_10464#
Extracting a_23274_10020#
Extracting a_23698_10464#
Extracting a_20668_10020#
Extracting a_22060_10020#
Extracting a_23452_10020#
Extracting a_24354_26020#
Extracting a_24778_26464#
Extracting a_25746_26020#
Extracting a_26170_26464#
Extracting a_27138_26020#
Extracting a_27562_26464#
Extracting a_24482_24730#
Extracting a_25874_24730#
Extracting a_27266_24730#
Extracting a_24354_22020#
Extracting a_24778_22464#
Extracting a_25746_22020#
Extracting a_26170_22464#
Extracting a_27138_22020#
Extracting a_27562_22464#
Extracting a_24482_20730#
Extracting a_25874_20730#
Extracting a_27266_20730#
Extracting a_24354_18020#
Extracting a_24778_18464#
Extracting a_25746_18020#
Extracting a_26170_18464#
Extracting a_27138_18020#
Extracting a_27562_18464#
Extracting a_24482_16730#
Extracting a_25874_16730#
Extracting a_27316_18020#
Extracting a_24354_14020#
Extracting a_24778_14464#
Extracting a_25746_14020#
Extracting a_26170_14464#
Extracting a_27138_14020#
Extracting a_27562_14464#
Extracting a_24532_14020#
Extracting a_25924_14020#
Extracting a_27316_14020#
Extracting a_24354_10020#
Extracting a_24778_10464#
Extracting a_25746_10020#
Extracting a_26170_10464#
Extracting a_27138_10020#
Extracting a_27562_10464#
Extracting a_24532_10020#
Extracting a_25924_10020#
Extracting a_27316_10020#
Extracting a_28218_26020#
Extracting a_28642_26464#
Extracting a_29610_26020#
Extracting a_30034_26464#
Extracting a_31002_26020#
Extracting a_31426_26464#
Extracting a_28276_17932#
Extracting a_28346_24730#
Extracting a_29738_24730#
Extracting a_31130_24730#
Extracting a_28218_22020#
Extracting a_28642_22464#
Extracting a_29610_22020#
Extracting a_30034_22464#
Extracting a_31002_22020#
Extracting a_31426_22464#
Extracting a_28346_20730#
Extracting a_29738_20730#
Extracting a_31130_20730#
Extracting a_28218_18020#
Extracting a_28642_18464#
Extracting a_29610_18020#
Extracting a_30034_18464#
Extracting a_31002_18020#
Extracting a_31426_18464#
Extracting a_28346_16730#
Extracting a_29738_16730#
Extracting a_31180_18020#
Extracting a_28218_14020#
Extracting a_28642_14464#
Extracting a_29610_14020#
Extracting a_30034_14464#
Extracting a_31002_14020#
Extracting a_31426_14464#
Extracting a_28396_14020#
Extracting a_29788_14020#
Extracting a_31180_14020#
Extracting a_28218_10020#
Extracting a_28642_10464#
Extracting a_29610_10020#
Extracting a_30034_10464#
Extracting a_31002_10020#
Extracting a_31426_10464#
Extracting a_28396_10020#
Extracting a_29788_10020#
Extracting a_31180_10020#
Total Nets: 3088
Nets extracted: 3053 (0.988666)
Nets output: 3053 (0.988666)
exttospice finished.
exttospice finished.
V3_ANALOG_INPUT_BASE_SPICE_i0=/home/jason-stone/tinytapeout-beamformer-v2-routefix/build/v3/analog_input_escapes/rc/input_i0_base.spice
V3_ANALOG_INPUT_RC_SPICE_i0=/home/jason-stone/tinytapeout-beamformer-v2-routefix/build/v3/analog_input_escapes/rc/input_i0_rc.spice
V3_ANALOG_INPUT_RES_EXT_i0=/home/jason-stone/tinytapeout-beamformer-v2-routefix/build/v3/analog_input_escapes/rc/v3_analog_input_rc_i0.res.ext
Root cell box:
           width x height  (   llx,  lly  ), (   urx,  ury  )  area (units^2)

microns:  334.880 x 225.760  ( 0.000,  0.000), ( 334.880,  225.760)  75602.500 
lambda:   33488.00 x 22576.00  (  0.00,  0.00 ), ( 33488.00,  22576.00)  756025088.00
internal:  66976 x 45152   (     0,  0    ), ( 66976,  45152)  3024100352
Root cell box:
           width x height  (   llx,  lly  ), (   urx,  ury  )

microns:   0.000 x 0.000   ( 132.940,  0.500), ( 132.940,  0.500)
lambda:     0.00 x 0.00    ( 13294.00,  50.00), ( 13294.00,  50.00)
internal:      0 x 0       ( 26588,  100  ), ( 26588,  100  )
Moving label "res:drive@" from space to via3 in cell v3_analog_input_rc_i1.
Moving label "res:force@" from space to via3 in cell v3_analog_input_rc_i1.
DRC style is now "drc(full)"
V3_ANALOG_INPUT_RC_DRC_COUNT_i1=0
Processing v3_analog_input_rc_i1
Extracting v3_analog_input_rc_i1 into v3_analog_input_rc_i1.ext:
v3_analog_input_rc_i1: 36 warnings
Total of 36 warnings.
V3_ANALOG_INPUT_RC_EXTRACTION_FEEDBACK_COUNT_i1=36
exttosim finished.
Root cell box:
           width x height  (   llx,  lly  ), (   urx,  ury  )  area (units^2)

microns:  334.880 x 225.760  ( 0.000,  0.000), ( 334.880,  225.760)  75602.500 
lambda:   33488.00 x 22576.00  (  0.00,  0.00 ), ( 33488.00,  22576.00)  756025088.00
internal:  66976 x 45152   (     0,  0    ), ( 66976,  45152)  3024100352
Note:  This option has been deprecated and is unused.
Extracting a_4129_22466#
Extracting w_16994_32855#
Extracting a_37747_43023#
Extracting a_38483_43023#
Extracting a_37913_43023#
Extracting a_38649_43023#
Extracting a_36385_38127#
Extracting a_39127_43023#
Extracting a_38285_42479#
Extracting a_39293_43023#
Extracting a_39861_43265#
Extracting a_39947_42997#
Extracting a_39643_43023#
Extracting a_40383_42997#
Extracting a_40208_43023#
Extracting a_41231_42997#
Extracting a_39548_43023#
Extracting a_39751_43389#
Extracting a_40370_43389#
Extracting a_39739_43023#
Extracting a_39905_43023#
Extracting a_36956_35095#
Extracting a_38005_41391#
Extracting a_42163_43023#
Extracting a_42329_43023#
Extracting a_42897_43265#
Extracting a_40379_35551#
Extracting a_42679_43023#
Extracting a_43419_42997#
Extracting a_43244_43023#
Extracting a_42584_43023#
Extracting a_42787_43389#
Extracting a_40317_43023#
Extracting a_40562_43023#
Extracting a_43406_43389#
Extracting a_42775_43023#
Extracting a_42941_43023#
Extracting a_42467_42650#
Extracting a_44095_43023#
Extracting a_44261_43023#
Extracting a_44829_43265#
Extracting a_44611_43023#
Extracting a_45351_42997#
Extracting a_45176_43023#
Extracting a_44516_43023#
Extracting a_44719_43389#
Extracting a_43353_43023#
Extracting a_43598_43023#
Extracting a_45338_43389#
Extracting a_44707_43023#
Extracting a_44873_43023#
Extracting a_44399_42650#
Extracting a_46027_43023#
Extracting a_46193_43023#
Extracting a_46761_43265#
Extracting a_46543_43023#
Extracting a_47283_42997#
Extracting a_47108_43023#
Extracting a_47959_43023#
Extracting a_46448_43023#
Extracting a_46651_43389#
Extracting a_45285_43023#
Extracting a_45530_43023#
Extracting a_47270_43389#
Extracting a_46639_43023#
Extracting a_46805_43023#
Extracting a_46331_42650#
Extracting a_48125_43023#
Extracting a_47217_43023#
Extracting a_47462_43023#
Extracting a_36999_42453#
Extracting a_37085_35951#
Extracting a_37605_42518#
Extracting a_37042_34863#
Extracting a_37859_42518#
Extracting a_38532_42711#
Extracting a_38005_40847#
Extracting a_38740_42747#
Extracting a_37851_36647#
Extracting a_38961_42777#
Extracting a_39544_42711#
Extracting a_37029_38127#
Extracting a_39752_42747#
Extracting a_39759_42492#
Extracting a_39973_42777#
Extracting a_40495_42453#
Extracting a_41519_42479#
Extracting a_37029_42479#
Extracting a_42163_42485#
Extracting a_42329_42485#
Extracting a_42897_42453#
Extracting a_42679_42857#
Extracting a_43419_42783#
Extracting a_43244_42857#
Extracting a_44095_42485#
Extracting a_44261_42485#
Extracting a_44829_42453#
Extracting a_44611_42857#
Extracting a_45351_42783#
Extracting a_45176_42857#
Extracting a_46027_42485#
Extracting a_46193_42485#
Extracting a_46761_42453#
Extracting a_46543_42857#
Extracting a_47283_42783#
Extracting a_47108_42857#
Extracting a_49483_42453#
Extracting a_49686_42611#
Extracting a_50003_42721#
Extracting a_49964_42595#
Extracting a_50159_42453#
Extracting a_50090_42479#
Extracting a_50784_42453#
Extracting a_51412_42711#
Extracting a_48677_39759#
Extracting a_51620_42747#
Extracting a_51841_42777#
Extracting a_52335_42453#
Extracting a_52538_42611#
Extracting a_48125_41935#
Extracting a_52855_42721#
Extracting a_52816_42595#
Extracting a_53011_42453#
Extracting a_52942_42479#
Extracting a_53636_42453#
Extracting a_54264_42711#
Extracting a_36661_41391#
Extracting a_54479_42492#
Extracting a_54693_42777#
Extracting a_56843_42453#
Extracting a_57046_42611#
Extracting a_57363_42721#
Extracting a_57324_42595#
Extracting a_57519_42453#
Extracting a_57450_42479#
Extracting a_58144_42453#
Extracting a_58772_42711#
Extracting a_59201_42777#
Extracting a_59695_42453#
Extracting a_59898_42611#
Extracting a_60215_42721#
Extracting a_60176_42595#
Extracting a_60371_42453#
Extracting a_60302_42479#
Extracting a_60996_42453#
Extracting a_61624_42711#
Extracting a_62053_42777#
Extracting a_37859_42845#
Extracting a_38080_42845#
Extracting a_17388_36681#
Extracting a_38674_42845#
Extracting a_38895_42845#
Extracting a_17204_37145#
Extracting a_37787_42518#
Extracting a_38073_42518#
Extracting a_39686_42845#
Extracting a_39907_42845#
Extracting a_38674_42518#
Extracting a_38991_42518#
Extracting a_41685_42479#
Extracting a_42584_42845#
Extracting a_42775_42857#
Extracting a_39686_42518#
Extracting a_40003_42518#
Extracting a_42941_42845#
Extracting a_43353_42857#
Extracting a_43598_42845#
Extracting a_42787_42479#
Extracting a_36447_40849#
Extracting a_44516_42845#
Extracting a_44707_42857#
Extracting a_43406_42479#
Extracting a_44873_42845#
Extracting a_45285_42857#
Extracting a_45530_42845#
Extracting a_44719_42479#
Extracting a_41224_41659#
Extracting a_46448_42845#
Extracting a_46639_42857#
Extracting a_45338_42479#
Extracting a_46805_42845#
Extracting a_47217_42857#
Extracting a_47462_42845#
Extracting a_46651_42479#
Extracting a_42696_37557#
Extracting a_49721_42845#
Extracting a_49961_42845#
Extracting a_47270_42479#
Extracting a_50397_42845#
Extracting a_50469_42845#
Extracting a_50722_42479#
Extracting a_49920_42479#
Extracting a_51554_42845#
Extracting a_51775_42845#
Extracting a_50304_42479#
Extracting a_52573_42845#
Extracting a_52813_42845#
Extracting a_51554_42518#
Extracting a_51871_42518#
Extracting a_53249_42845#
Extracting a_53321_42845#
Extracting a_53574_42479#
Extracting a_52772_42479#
Extracting a_54406_42845#
Extracting a_54627_42845#
Extracting a_53156_42479#
Extracting a_57081_42845#
Extracting a_57321_42845#
Extracting a_54406_42518#
Extracting a_54723_42518#
Extracting a_57757_42845#
Extracting a_57829_42845#
Extracting a_58082_42479#
Extracting a_57280_42479#
Extracting a_58914_42845#
Extracting a_59135_42845#
Extracting a_57664_42479#
Extracting a_59933_42845#
Extracting a_60173_42845#
Extracting a_58914_42518#
Extracting a_59231_42518#
Extracting a_60609_42845#
Extracting a_60681_42845#
Extracting a_60934_42479#
Extracting a_60132_42479#
Extracting a_61766_42845#
Extracting a_61987_42845#
Extracting a_60516_42479#
Extracting a_61766_42518#
Extracting a_62083_42518#
Extracting a_37747_41935#
Extracting a_38532_42087#
Extracting a_39544_42087#
Extracting a_40469_41909#
Extracting a_41108_42087#
Extracting a_37913_41935#
Extracting a_17388_35593#
Extracting a_17204_36057#
Extracting a_38089_40623#
Extracting a_38740_41909#
Extracting a_38961_41909#
Extracting a_38674_42262#
Extracting a_38991_42262#
Extracting a_39759_41129#
Extracting a_39752_41909#
Extracting a_39973_41909#
Extracting a_39686_42262#
Extracting a_40003_42262#
Extracting a_40304_34293#
Extracting a_38674_41935#
Extracting a_38895_41935#
Extracting a_41059_41935#
Extracting a_40639_42087#
Extracting a_37795_40535#
Extracting a_40597_42185#
Extracting a_42163_41935#
Extracting a_42329_41935#
Extracting a_42897_42177#
Extracting a_42679_41935#
Extracting a_43419_41909#
Extracting a_43244_41935#
Extracting a_38285_34863#
Extracting a_41316_41909#
Extracting a_41537_41909#
Extracting a_41250_42262#
Extracting a_41567_42262#
Extracting a_39686_41935#
Extracting a_39907_41935#
Extracting a_42584_41935#
Extracting a_42787_42301#
Extracting a_41250_41935#
Extracting a_41471_41935#
Extracting a_43406_42301#
Extracting a_42775_41935#
Extracting a_42941_41935#
Extracting a_42467_41562#
Extracting a_44095_41935#
Extracting a_44261_41935#
Extracting a_44829_42177#
Extracting a_44611_41935#
Extracting a_45351_41909#
Extracting a_45176_41935#
Extracting a_44516_41935#
Extracting a_44719_42301#
Extracting a_43353_41935#
Extracting a_43598_41935#
Extracting a_45338_42301#
Extracting a_44707_41935#
Extracting a_44873_41935#
Extracting a_44399_41562#
Extracting a_46027_41935#
Extracting a_46193_41935#
Extracting a_46761_42177#
Extracting a_46543_41935#
Extracting a_47283_41909#
Extracting a_47108_41935#
Extracting a_47959_41935#
Extracting a_49483_41909#
Extracting a_49686_42187#
Extracting a_49964_42203#
Extracting a_50003_42077#
Extracting a_50159_42172#
Extracting a_50090_42301#
Extracting a_50784_42184#
Extracting a_46448_41935#
Extracting a_46651_42301#
Extracting a_45285_41935#
Extracting a_45530_41935#
Extracting a_47270_42301#
Extracting a_46639_41935#
Extracting a_46805_41935#
Extracting a_46331_41562#
Extracting a_49920_42301#
Extracting a_47217_41935#
Extracting a_47462_41935#
Extracting a_50304_42301#
Extracting a_50722_42301#
Extracting a_51412_42087#
Extracting a_52579_42262#
Extracting a_49721_41935#
Extracting a_49961_41935#
Extracting a_50397_41935#
Extracting a_50469_41935#
Extracting a_51620_41909#
Extracting a_51841_41909#
Extracting a_52325_42262#
Extracting a_51554_42262#
Extracting a_51871_42262#
Extracting a_52507_42262#
Extracting a_52793_42262#
Extracting a_53005_41935#
Extracting a_53203_41935#
Extracting a_53369_41935#
Extracting a_53937_42177#
Extracting a_53719_41935#
Extracting a_54459_41909#
Extracting a_54284_41935#
Extracting a_56843_41909#
Extracting a_57046_42187#
Extracting a_57324_42203#
Extracting a_57363_42077#
Extracting a_57519_42172#
Extracting a_57450_42301#
Extracting a_58144_42184#
Extracting a_53624_41935#
Extracting a_53827_42301#
Extracting a_51554_41935#
Extracting a_51775_41935#
Extracting a_52579_41935#
Extracting a_52800_41935#
Extracting a_54446_42301#
Extracting a_53815_41935#
Extracting a_53981_41935#
Extracting a_57280_42301#
Extracting a_54393_41935#
Extracting a_54638_41935#
Extracting a_57664_42301#
Extracting a_58082_42301#
Extracting a_58772_42087#
Extracting a_59939_42262#
Extracting a_57081_41935#
Extracting a_57321_41935#
Extracting a_57757_41935#
Extracting a_57829_41935#
Extracting a_58980_41909#
Extracting a_59201_41909#
Extracting a_59685_42262#
Extracting a_58914_42262#
Extracting a_59231_42262#
Extracting a_59867_42262#
Extracting a_60153_42262#
Extracting a_60365_41935#
Extracting a_60563_41935#
Extracting a_60729_41935#
Extracting a_61297_42177#
Extracting a_61079_41935#
Extracting a_61819_41909#
Extracting a_61644_41935#
Extracting a_60984_41935#
Extracting a_61187_42301#
Extracting a_58914_41935#
Extracting a_59135_41935#
Extracting a_59939_41935#
Extracting a_60160_41935#
Extracting a_61806_42301#
Extracting a_61175_41935#
Extracting a_61341_41935#
Extracting a_61753_41935#
Extracting a_61998_41935#
Extracting a_36631_41365#
Extracting a_37195_41391#
Extracting a_37839_41391#
Extracting a_38532_41623#
Extracting a_38740_41659#
Extracting a_38961_41689#
Extracting a_39544_41623#
Extracting a_39752_41659#
Extracting a_38285_37039#
Extracting a_39973_41689#
Extracting a_41016_41623#
Extracting a_41445_41689#
Extracting a_42163_41397#
Extracting a_42329_41397#
Extracting a_42897_41365#
Extracting a_42679_41769#
Extracting a_43419_41695#
Extracting a_43244_41769#
Extracting a_44095_41397#
Extracting a_44261_41397#
Extracting a_44829_41365#
Extracting a_44611_41769#
Extracting a_45351_41695#
Extracting a_45176_41769#
Extracting a_46027_41397#
Extracting a_46193_41397#
Extracting a_46761_41365#
Extracting a_46543_41769#
Extracting a_47283_41695#
Extracting a_47108_41769#
Extracting a_49483_41365#
Extracting a_49686_41523#
Extracting a_50003_41633#
Extracting a_49964_41507#
Extracting a_50159_41365#
Extracting a_50090_41391#
Extracting a_50784_41365#
Extracting a_51412_41623#
Extracting a_51620_41659#
Extracting a_51841_41689#
Extracting a_52335_41365#
Extracting a_52538_41523#
Extracting a_52855_41633#
Extracting a_52816_41507#
Extracting a_53011_41365#
Extracting a_52942_41391#
Extracting a_53636_41365#
Extracting a_54264_41623#
Extracting a_54479_41404#
Extracting a_54693_41689#
Extracting a_56916_41623#
Extracting a_57012_41365#
Extracting a_57148_41391#
Extracting a_57472_41669#
Extracting a_57556_41365#
Extracting a_57640_41705#
Extracting a_57776_41757#
Extracting a_58298_41621#
Extracting a_58864_41623#
Extracting a_59293_41689#
Extracting a_59860_41623#
Extracting a_59956_41365#
Extracting a_60092_41391#
Extracting a_60416_41669#
Extracting a_60500_41365#
Extracting a_60584_41705#
Extracting a_60720_41757#
Extracting a_61242_41621#
Extracting a_61808_41623#
Extracting a_62237_41689#
Extracting a_37361_41391#
Extracting a_17388_34505#
Extracting a_38674_41757#
Extracting a_38895_41757#
Extracting a_17204_34969#
Extracting a_39686_41757#
Extracting a_39907_41757#
Extracting a_38674_41430#
Extracting a_38991_41430#
Extracting a_40967_41391#
Extracting a_41158_41757#
Extracting a_41379_41757#
Extracting a_39686_41430#
Extracting a_40003_41430#
Extracting a_42584_41757#
Extracting a_42775_41769#
Extracting a_42941_41757#
Extracting a_41158_41430#
Extracting a_41475_41430#
Extracting a_43353_41769#
Extracting a_43598_41757#
Extracting a_42787_41391#
Extracting a_41141_40316#
Extracting a_44516_41757#
Extracting a_44707_41769#
Extracting a_43406_41391#
Extracting a_44873_41757#
Extracting a_45285_41769#
Extracting a_45530_41757#
Extracting a_44719_41391#
Extracting a_46448_41757#
Extracting a_46639_41769#
Extracting a_45338_41391#
Extracting a_46805_41757#
Extracting a_47217_41769#
Extracting a_47462_41757#
Extracting a_46651_41391#
Extracting a_41751_34471#
Extracting a_49721_41757#
Extracting a_49961_41757#
Extracting a_47270_41391#
Extracting a_50397_41757#
Extracting a_50469_41757#
Extracting a_50722_41391#
Extracting a_49920_41391#
Extracting a_51554_41757#
Extracting a_51775_41757#
Extracting a_50304_41391#
Extracting a_52573_41757#
Extracting a_52813_41757#
Extracting a_51554_41430#
Extracting a_51871_41430#
Extracting a_53249_41757#
Extracting a_53321_41757#
Extracting a_53574_41391#
Extracting a_52772_41391#
Extracting a_54406_41757#
Extracting a_54627_41757#
Extracting a_53156_41391#
Extracting a_57354_41757#
Extracting a_57430_41757#
Extracting a_57598_41757#
Extracting a_57858_41757#
Extracting a_58044_41757#
Extracting a_58248_41391#
Extracting a_54406_41430#
Extracting a_54723_41430#
Extracting a_59006_41757#
Extracting a_59227_41757#
Extracting a_57514_41391#
Extracting a_57694_41391#
Extracting a_58044_41391#
Extracting a_60298_41757#
Extracting a_60374_41757#
Extracting a_60542_41757#
Extracting a_60802_41757#
Extracting a_60988_41757#
Extracting a_61192_41391#
Extracting a_59006_41430#
Extracting a_59323_41430#
Extracting a_61950_41757#
Extracting a_62171_41757#
Extracting a_60458_41391#
Extracting a_60638_41391#
Extracting a_60988_41391#
Extracting a_61950_41430#
Extracting a_62267_41430#
Extracting a_36307_40875#
Extracting a_37335_37557#
Extracting a_37839_40847#
Extracting a_38532_40999#
Extracting a_39544_40999#
Extracting a_40464_40999#
Extracting a_41343_41097#
Extracting a_17500_33453#
Extracting a_36585_40847#
Extracting a_17388_33417#
Extracting a_17204_33881#
Extracting a_38740_40821#
Extracting a_38961_40821#
Extracting a_38674_41174#
Extracting a_38991_41174#
Extracting a_36393_40875#
Extracting a_39752_40821#
Extracting a_39973_40821#
Extracting a_39686_41174#
Extracting a_40003_41174#
Extracting a_38674_40847#
Extracting a_38895_40847#
Extracting a_37661_37052#
Extracting a_37579_34319#
Extracting a_40893_40821#
Extracting a_40606_41174#
Extracting a_40923_41174#
Extracting a_39686_40847#
Extracting a_39907_40847#
Extracting a_41425_41097#
Extracting a_41593_41097#
Extracting a_41677_40847#
Extracting a_42163_40847#
Extracting a_42329_40847#
Extracting a_42897_41089#
Extracting a_42679_40847#
Extracting a_43419_40821#
Extracting a_43244_40847#
Extracting a_42584_40847#
Extracting a_42787_41213#
Extracting a_40606_40847#
Extracting a_40827_40847#
Extracting a_41593_40847#
Extracting a_43406_41213#
Extracting a_42775_40847#
Extracting a_42941_40847#
Extracting a_42467_40474#
Extracting a_44095_40847#
Extracting a_44261_40847#
Extracting a_44829_41089#
Extracting a_44611_40847#
Extracting a_45351_40821#
Extracting a_45176_40847#
Extracting a_44516_40847#
Extracting a_44719_41213#
Extracting a_43353_40847#
Extracting a_43598_40847#
Extracting a_45338_41213#
Extracting a_44707_40847#
Extracting a_44873_40847#
Extracting a_44399_40474#
Extracting a_46027_40847#
Extracting a_46193_40847#
Extracting a_46761_41089#
Extracting a_46543_40847#
Extracting a_47283_40821#
Extracting a_47108_40847#
Extracting a_49483_40821#
Extracting a_49686_41099#
Extracting a_49964_41115#
Extracting a_50003_40989#
Extracting a_50159_41084#
Extracting a_50090_41213#
Extracting a_50784_41096#
Extracting a_46448_40847#
Extracting a_46651_41213#
Extracting a_45285_40847#
Extracting a_45530_40847#
Extracting a_47270_41213#
Extracting a_46639_40847#
Extracting a_46805_40847#
Extracting a_46331_40474#
Extracting a_49920_41213#
Extracting a_47217_40847#
Extracting a_47462_40847#
Extracting a_50304_41213#
Extracting a_50722_41213#
Extracting a_51412_40999#
Extracting a_52579_41174#
Extracting a_49721_40847#
Extracting a_49961_40847#
Extracting a_50397_40847#
Extracting a_50469_40847#
Extracting a_51620_40821#
Extracting a_51841_40821#
Extracting a_52325_41174#
Extracting a_51554_41174#
Extracting a_51871_41174#
Extracting a_52507_41174#
Extracting a_52793_41174#
Extracting a_53005_40847#
Extracting a_53203_40847#
Extracting a_53369_40847#
Extracting a_53937_41089#
Extracting a_53719_40847#
Extracting a_54459_40821#
Extracting a_54284_40847#
Extracting a_56843_40821#
Extracting a_57046_41099#
Extracting a_57324_41115#
Extracting a_57363_40989#
Extracting a_57519_41084#
Extracting a_57450_41213#
Extracting a_58144_41096#
Extracting a_53624_40847#
Extracting a_53827_41213#
Extracting a_51554_40847#
Extracting a_51775_40847#
Extracting a_52579_40847#
Extracting a_52800_40847#
Extracting a_54446_41213#
Extracting a_53815_40847#
Extracting a_53981_40847#
Extracting a_57280_41213#
Extracting a_54393_40847#
Extracting a_54638_40847#
Extracting a_57664_41213#
Extracting a_58082_41213#
Extracting a_58772_40999#
Extracting a_59939_41174#
Extracting a_57081_40847#
Extracting a_57321_40847#
Extracting a_57757_40847#
Extracting a_57829_40847#
Extracting a_58980_40821#
Extracting a_59201_40821#
Extracting a_59685_41174#
Extracting a_58914_41174#
Extracting a_59231_41174#
Extracting a_59867_41174#
Extracting a_60153_41174#
Extracting a_60365_40847#
Extracting a_60563_40847#
Extracting a_60729_40847#
Extracting a_61297_41089#
Extracting a_61079_40847#
Extracting a_61819_40821#
Extracting a_61644_40847#
Extracting a_60984_40847#
Extracting a_61187_41213#
Extracting a_58914_40847#
Extracting a_59135_40847#
Extracting a_59939_40847#
Extracting a_60160_40847#
Extracting a_61806_41213#
Extracting a_61175_40847#
Extracting a_61341_40847#
Extracting a_61753_40847#
Extracting a_61998_40847#
Extracting a_18427_33198#
Extracting a_37183_40277#
Extracting a_37755_40303#
Extracting a_38532_40535#
Extracting a_38740_40571#
Extracting a_38961_40601#
Extracting a_39544_40535#
Extracting a_39752_40571#
Extracting a_39973_40601#
Extracting a_40917_40342#
Extracting a_41171_40342#
Extracting a_42163_40309#
Extracting a_42329_40309#
Extracting a_42897_40277#
Extracting a_42679_40681#
Extracting a_43419_40607#
Extracting a_43244_40681#
Extracting a_44095_40309#
Extracting a_44261_40309#
Extracting a_44829_40277#
Extracting a_44611_40681#
Extracting a_45351_40607#
Extracting a_45176_40681#
Extracting a_46027_40309#
Extracting a_46193_40309#
Extracting a_46761_40277#
Extracting a_46543_40681#
Extracting a_47283_40607#
Extracting a_47108_40681#
Extracting a_49483_40277#
Extracting a_49686_40435#
Extracting a_50003_40545#
Extracting a_49964_40419#
Extracting a_50159_40277#
Extracting a_50090_40303#
Extracting a_50784_40277#
Extracting a_51412_40535#
Extracting a_51620_40571#
Extracting a_51841_40601#
Extracting a_52335_40277#
Extracting a_52538_40435#
Extracting a_52855_40545#
Extracting a_52816_40419#
Extracting a_53011_40277#
Extracting a_52942_40303#
Extracting a_53636_40277#
Extracting a_54264_40535#
Extracting a_54479_40316#
Extracting a_54693_40601#
Extracting a_56843_40277#
Extracting a_57046_40435#
Extracting a_57363_40545#
Extracting a_57324_40419#
Extracting a_57519_40277#
Extracting a_57450_40303#
Extracting a_58144_40277#
Extracting a_58772_40535#
Extracting a_59201_40601#
Extracting a_59695_40277#
Extracting a_59898_40435#
Extracting a_60215_40545#
Extracting a_60176_40419#
Extracting a_60371_40277#
Extracting a_60302_40303#
Extracting a_60996_40277#
Extracting a_61624_40535#
Extracting a_62053_40601#
Extracting a_17507_33198#
Extracting a_36607_39455#
Extracting a_38005_40623#
Extracting a_21252_36681#
Extracting a_38674_40669#
Extracting a_38895_40669#
Extracting a_21068_37145#
Extracting a_37837_40303#
Extracting a_38005_40303#
Extracting a_39686_40669#
Extracting a_39907_40669#
Extracting a_38674_40342#
Extracting a_38991_40342#
Extracting a_41171_40669#
Extracting a_41392_40669#
Extracting a_39686_40342#
Extracting a_40003_40342#
Extracting a_40811_37796#
Extracting a_42584_40669#
Extracting a_42775_40681#
Extracting a_41099_40342#
Extracting a_41385_40342#
Extracting a_42941_40669#
Extracting a_43353_40681#
Extracting a_43598_40669#
Extracting a_42787_40303#
Extracting a_36875_38823#
Extracting a_44516_40669#
Extracting a_44707_40681#
Extracting a_43406_40303#
Extracting a_44873_40669#
Extracting a_45285_40681#
Extracting a_45530_40669#
Extracting a_44719_40303#
Extracting a_44327_39447#
Extracting a_46448_40669#
Extracting a_46639_40681#
Extracting a_45338_40303#
Extracting a_46805_40669#
Extracting a_47217_40681#
Extracting a_47462_40669#
Extracting a_46651_40303#
Extracting a_44327_38359#
Extracting a_49721_40669#
Extracting a_49961_40669#
Extracting a_47270_40303#
Extracting a_50397_40669#
Extracting a_50469_40669#
Extracting a_50722_40303#
Extracting a_49920_40303#
Extracting a_51554_40669#
Extracting a_51775_40669#
Extracting a_50304_40303#
Extracting a_52573_40669#
Extracting a_52813_40669#
Extracting a_51554_40342#
Extracting a_51871_40342#
Extracting a_53249_40669#
Extracting a_53321_40669#
Extracting a_53574_40303#
Extracting a_52772_40303#
Extracting a_54406_40669#
Extracting a_54627_40669#
Extracting a_53156_40303#
Extracting a_57081_40669#
Extracting a_57321_40669#
Extracting a_54406_40342#
Extracting a_54723_40342#
Extracting a_57757_40669#
Extracting a_57829_40669#
Extracting a_58082_40303#
Extracting a_57280_40303#
Extracting a_58914_40669#
Extracting a_59135_40669#
Extracting a_57664_40303#
Extracting a_59933_40669#
Extracting a_60173_40669#
Extracting a_58914_40342#
Extracting a_59231_40342#
Extracting a_60609_40669#
Extracting a_60681_40669#
Extracting a_60934_40303#
Extracting a_60132_40303#
Extracting a_61766_40669#
Extracting a_61987_40669#
Extracting a_60516_40303#
Extracting a_61766_40342#
Extracting a_62083_40342#
Extracting a_36327_39733#
Extracting a_36530_40011#
Extracting a_36808_40027#
Extracting a_36847_39901#
Extracting a_37003_39996#
Extracting a_36934_40125#
Extracting a_36721_37039#
Extracting a_36764_40125#
Extracting a_37148_40125#
Extracting a_37566_40125#
Extracting a_38532_39911#
Extracting a_39544_39911#
Extracting a_40467_39733#
Extracting a_40670_40011#
Extracting a_40948_40027#
Extracting a_40987_39901#
Extracting a_41143_39996#
Extracting a_41074_40125#
Extracting a_41768_40008#
Extracting a_36565_39759#
Extracting a_36805_39759#
Extracting a_21252_35593#
Extracting a_37241_39759#
Extracting a_37313_39759#
Extracting a_21068_36057#
Extracting a_38740_39733#
Extracting a_38961_39733#
Extracting a_38674_40086#
Extracting a_38991_40086#
Extracting a_39752_39733#
Extracting a_39973_39733#
Extracting a_39686_40086#
Extracting a_40003_40086#
Extracting a_38674_39759#
Extracting a_38895_39759#
Extracting a_40904_40125#
Extracting a_39686_39759#
Extracting a_39907_39759#
Extracting a_41288_40125#
Extracting a_41706_40125#
Extracting a_42347_39759#
Extracting a_42149_37039#
Extracting a_42513_39759#
Extracting a_43081_40001#
Extracting a_42863_39759#
Extracting a_43603_39733#
Extracting a_43428_39759#
Extracting a_44339_39944#
Extracting a_45095_39733#
Extracting a_45431_39733#
Extracting a_46027_39759#
Extracting a_48511_39759#
Extracting a_49483_39733#
Extracting a_49686_40011#
Extracting a_49964_40027#
Extracting a_50003_39901#
Extracting a_50159_39996#
Extracting a_50090_40125#
Extracting a_50784_40008#
Extracting a_40705_39759#
Extracting a_40945_39759#
Extracting a_42768_39759#
Extracting a_42971_40125#
Extracting a_41381_39759#
Extracting a_41453_39759#
Extracting a_43590_40125#
Extracting a_42959_39759#
Extracting a_43125_39759#
Extracting a_42613_36724#
Extracting a_43432_35381#
Extracting a_44369_40009#
Extracting a_44725_40009#
Extracting a_43918_36041#
Extracting a_46193_39759#
Extracting a_49920_40125#
Extracting a_43537_39759#
Extracting a_43782_39759#
Extracting a_44557_39759#
Extracting a_50304_40125#
Extracting a_50722_40125#
Extracting a_51412_39911#
Extracting a_52579_40086#
Extracting a_49721_39759#
Extracting a_49961_39759#
Extracting a_50397_39759#
Extracting a_50469_39759#
Extracting a_51620_39733#
Extracting a_51841_39733#
Extracting a_52325_40086#
Extracting a_51554_40086#
Extracting a_51871_40086#
Extracting a_52507_40086#
Extracting a_52793_40086#
Extracting a_53005_39759#
Extracting a_53203_39759#
Extracting a_53369_39759#
Extracting a_53937_40001#
Extracting a_53719_39759#
Extracting a_54459_39733#
Extracting a_54284_39759#
Extracting a_56843_39733#
Extracting a_57046_40011#
Extracting a_57324_40027#
Extracting a_57363_39901#
Extracting a_57519_39996#
Extracting a_57450_40125#
Extracting a_58144_40008#
Extracting a_53624_39759#
Extracting a_53827_40125#
Extracting a_51554_39759#
Extracting a_51775_39759#
Extracting a_52579_39759#
Extracting a_52800_39759#
Extracting a_54446_40125#
Extracting a_53815_39759#
Extracting a_53981_39759#
Extracting a_57280_40125#
Extracting a_54393_39759#
Extracting a_54638_39759#
Extracting a_57664_40125#
Extracting a_58082_40125#
Extracting a_58772_39911#
Extracting a_59939_40086#
Extracting a_57081_39759#
Extracting a_57321_39759#
Extracting a_57757_39759#
Extracting a_57829_39759#
Extracting a_58980_39733#
Extracting a_59201_39733#
Extracting a_59685_40086#
Extracting a_58914_40086#
Extracting a_59231_40086#
Extracting a_59867_40086#
Extracting a_60153_40086#
Extracting a_60365_39759#
Extracting a_60563_39759#
Extracting a_60729_39759#
Extracting a_61297_40001#
Extracting a_61079_39759#
Extracting a_61819_39733#
Extracting a_61644_39759#
Extracting a_60984_39759#
Extracting a_61187_40125#
Extracting a_58914_39759#
Extracting a_59135_39759#
Extracting a_59939_39759#
Extracting a_60160_39759#
Extracting a_61806_40125#
Extracting a_61175_39759#
Extracting a_61341_39759#
Extracting a_61753_39759#
Extracting a_61998_39759#
Extracting a_36327_39189#
Extracting a_36530_39347#
Extracting a_36847_39457#
Extracting a_36808_39331#
Extracting a_37003_39189#
Extracting a_36934_39215#
Extracting a_37029_37039#
Extracting a_38532_39447#
Extracting a_38740_39483#
Extracting a_38961_39513#
Extracting a_39544_39447#
Extracting a_39752_39483#
Extracting a_39759_39228#
Extracting a_39973_39513#
Extracting a_40467_39189#
Extracting a_40670_39347#
Extracting a_40987_39457#
Extracting a_40948_39331#
Extracting a_41143_39189#
Extracting a_41074_39215#
Extracting a_42347_39221#
Extracting a_42651_39386#
Extracting a_42513_39221#
Extracting a_43081_39189#
Extracting a_42863_39593#
Extracting a_43603_39519#
Extracting a_43428_39593#
Extracting a_36425_35381#
Extracting a_44287_39215#
Extracting a_37639_36495#
Extracting a_45015_39215#
Extracting a_42347_38127#
Extracting a_45195_39215#
Extracting a_45719_39447#
Extracting a_46289_39447#
Extracting a_44621_38447#
Extracting a_44621_39535#
Extracting a_49483_39189#
Extracting a_49686_39347#
Extracting a_50003_39457#
Extracting a_49964_39331#
Extracting a_50159_39189#
Extracting a_50090_39215#
Extracting a_50784_39189#
Extracting a_51412_39447#
Extracting a_51620_39483#
Extracting a_51841_39513#
Extracting a_52335_39189#
Extracting a_52538_39347#
Extracting a_52855_39457#
Extracting a_52816_39331#
Extracting a_53011_39189#
Extracting a_52942_39215#
Extracting a_53636_39189#
Extracting a_54264_39447#
Extracting a_54479_39228#
Extracting a_54693_39513#
Extracting a_56916_39447#
Extracting a_57012_39189#
Extracting a_57148_39215#
Extracting a_57472_39493#
Extracting a_57556_39189#
Extracting a_57640_39529#
Extracting a_57776_39581#
Extracting a_58298_39445#
Extracting a_58864_39447#
Extracting a_59293_39513#
Extracting a_59860_39447#
Extracting a_59956_39189#
Extracting a_60092_39215#
Extracting a_60416_39493#
Extracting a_60500_39189#
Extracting a_60584_39529#
Extracting a_60720_39581#
Extracting a_61242_39445#
Extracting a_61808_39447#
Extracting a_62237_39513#
Extracting a_36565_39581#
Extracting a_36805_39581#
Extracting a_37241_39581#
Extracting a_37313_39581#
Extracting a_37566_39215#
Extracting a_36764_39215#
Extracting a_21252_34505#
Extracting a_38674_39581#
Extracting a_38895_39581#
Extracting a_21068_34969#
Extracting a_37148_39215#
Extracting a_39686_39581#
Extracting a_39907_39581#
Extracting a_38674_39254#
Extracting a_38991_39254#
Extracting a_40705_39581#
Extracting a_40945_39581#
Extracting a_39686_39254#
Extracting a_40003_39254#
Extracting a_41381_39581#
Extracting a_41453_39581#
Extracting a_41706_39215#
Extracting a_40904_39215#
Extracting a_42768_39581#
Extracting a_42959_39593#
Extracting a_43125_39581#
Extracting a_41288_39215#
Extracting a_43537_39593#
Extracting a_43782_39581#
Extracting a_42971_39215#
Extracting a_42685_36611#
Extracting a_44537_39535#
Extracting a_45285_39581#
Extracting a_43590_39215#
Extracting a_44369_39215#
Extracting a_44537_39215#
Extracting a_42236_36219#
Extracting a_43156_34293#
Extracting a_45893_39553#
Extracting a_49721_39581#
Extracting a_49961_39581#
Extracting a_46452_39331#
Extracting a_50397_39581#
Extracting a_50469_39581#
Extracting a_50722_39215#
Extracting a_49920_39215#
Extracting a_51554_39581#
Extracting a_51775_39581#
Extracting a_50304_39215#
Extracting a_52573_39581#
Extracting a_52813_39581#
Extracting a_51554_39254#
Extracting a_51871_39254#
Extracting a_53249_39581#
Extracting a_53321_39581#
Extracting a_53574_39215#
Extracting a_52772_39215#
Extracting a_54406_39581#
Extracting a_54627_39581#
Extracting a_53156_39215#
Extracting a_57354_39581#
Extracting a_57430_39581#
Extracting a_57598_39581#
Extracting a_57858_39581#
Extracting a_58044_39581#
Extracting a_58248_39215#
Extracting a_54406_39254#
Extracting a_54723_39254#
Extracting a_59006_39581#
Extracting a_59227_39581#
Extracting a_57514_39215#
Extracting a_57694_39215#
Extracting a_58044_39215#
Extracting a_60298_39581#
Extracting a_60374_39581#
Extracting a_60542_39581#
Extracting a_60802_39581#
Extracting a_60988_39581#
Extracting a_61192_39215#
Extracting a_59006_39254#
Extracting a_59323_39254#
Extracting a_61950_39581#
Extracting a_62171_39581#
Extracting a_60458_39215#
Extracting a_60638_39215#
Extracting a_60988_39215#
Extracting a_61950_39254#
Extracting a_62267_39254#
Extracting a_36425_35078#
Extracting a_36835_38921#
Extracting a_37859_38998#
Extracting a_38532_38823#
Extracting a_39544_38823#
Extracting a_18420_33453#
Extracting a_36917_38921#
Extracting a_37085_38921#
Extracting a_37169_38671#
Extracting a_36427_36475#
Extracting a_37605_38998#
Extracting a_36721_37583#
Extracting a_37433_35665#
Extracting a_37787_38998#
Extracting a_38073_38998#
Extracting a_37085_38671#
Extracting a_38285_38671#
Extracting a_21252_33417#
Extracting a_21068_33881#
Extracting a_38740_38645#
Extracting a_38961_38645#
Extracting a_38674_38998#
Extracting a_38991_38998#
Extracting a_37859_38671#
Extracting a_38080_38671#
Extracting a_40415_38671#
Extracting a_39127_34319#
Extracting a_40581_38671#
Extracting a_41040_38645#
Extracting a_40864_38671#
Extracting a_41570_38885#
Extracting a_41420_39037#
Extracting a_41990_38671#
Extracting a_39752_38645#
Extracting a_39973_38645#
Extracting a_39686_38998#
Extracting a_40003_38998#
Extracting a_38674_38671#
Extracting a_38895_38671#
Extracting a_40769_38671#
Extracting a_40950_39037#
Extracting a_41344_39037#
Extracting a_41528_39037#
Extracting a_39686_38671#
Extracting a_39907_38671#
Extracting a_42439_38671#
Extracting a_42743_38884#
Extracting a_42605_38671#
Extracting a_43173_38913#
Extracting a_42955_38671#
Extracting a_43695_38645#
Extracting a_43520_38671#
Extracting a_43283_34319#
Extracting a_44511_38645#
Extracting a_44739_38671#
Extracting a_45443_38823#
Extracting a_46013_38823#
Extracting a_49483_38645#
Extracting a_49686_38923#
Extracting a_49964_38939#
Extracting a_50003_38813#
Extracting a_50159_38908#
Extracting a_50090_39037#
Extracting a_50784_38920#
Extracting a_42860_38671#
Extracting a_43063_39037#
Extracting a_40974_38671#
Extracting a_41184_38671#
Extracting a_41444_38671#
Extracting a_41612_38671#
Extracting a_41684_38671#
Extracting a_43682_39037#
Extracting a_43051_38671#
Extracting a_43217_38671#
Extracting a_44469_38921#
Extracting a_42953_34837#
Extracting a_44905_38671#
Extracting a_37829_38140#
Extracting a_45114_37735#
Extracting a_43629_38671#
Extracting a_43874_38671#
Extracting a_43609_37359#
Extracting a_43559_35407#
Extracting a_46176_38921#
Extracting a_49920_39037#
Extracting a_45617_38699#
Extracting a_50304_39037#
Extracting a_50722_39037#
Extracting a_51412_38823#
Extracting a_52579_38998#
Extracting a_49721_38671#
Extracting a_49961_38671#
Extracting a_50397_38671#
Extracting a_50469_38671#
Extracting a_51620_38645#
Extracting a_51841_38645#
Extracting a_52325_38998#
Extracting a_51554_38998#
Extracting a_51871_38998#
Extracting a_52507_38998#
Extracting a_52793_38998#
Extracting a_53005_38671#
Extracting a_53203_38671#
Extracting a_53369_38671#
Extracting a_53937_38913#
Extracting a_53719_38671#
Extracting a_54459_38645#
Extracting a_54284_38671#
Extracting a_56843_38645#
Extracting a_57046_38923#
Extracting a_57324_38939#
Extracting a_57363_38813#
Extracting a_57519_38908#
Extracting a_57450_39037#
Extracting a_58144_38920#
Extracting a_53624_38671#
Extracting a_53827_39037#
Extracting a_51554_38671#
Extracting a_51775_38671#
Extracting a_52579_38671#
Extracting a_52800_38671#
Extracting a_54446_39037#
Extracting a_53815_38671#
Extracting a_53981_38671#
Extracting a_57280_39037#
Extracting a_54393_38671#
Extracting a_54638_38671#
Extracting a_57664_39037#
Extracting a_58082_39037#
Extracting a_58772_38823#
Extracting a_59939_38998#
Extracting a_57081_38671#
Extracting a_57321_38671#
Extracting a_57757_38671#
Extracting a_57829_38671#
Extracting a_58980_38645#
Extracting a_59201_38645#
Extracting a_59685_38998#
Extracting a_58914_38998#
Extracting a_59231_38998#
Extracting a_59867_38998#
Extracting a_60153_38998#
Extracting a_60365_38671#
Extracting a_60563_38671#
Extracting a_60729_38671#
Extracting a_61297_38913#
Extracting a_61079_38671#
Extracting a_61819_38645#
Extracting a_61644_38671#
Extracting a_60984_38671#
Extracting a_61187_39037#
Extracting a_58914_38671#
Extracting a_59135_38671#
Extracting a_59939_38671#
Extracting a_60160_38671#
Extracting a_61806_39037#
Extracting a_61175_38671#
Extracting a_61341_38671#
Extracting a_61753_38671#
Extracting a_61998_38671#
Extracting a_36355_38101#
Extracting a_36999_38101#
Extracting a_37661_38140#
Extracting a_37605_38166#
Extracting a_37859_38166#
Extracting a_38532_38359#
Extracting a_37029_37583#
Extracting a_38740_38395#
Extracting a_38961_38425#
Extracting a_39544_38359#
Extracting a_39752_38395#
Extracting a_39759_38140#
Extracting a_39973_38425#
Extracting a_40467_38101#
Extracting a_40670_38259#
Extracting a_40987_38369#
Extracting a_40948_38243#
Extracting a_41143_38101#
Extracting a_41074_38127#
Extracting a_42399_38101#
Extracting a_42602_38259#
Extracting a_42919_38369#
Extracting a_42880_38243#
Extracting a_43075_38101#
Extracting a_43006_38127#
Extracting a_43359_37583#
Extracting a_36425_36166#
Extracting a_44287_38127#
Extracting a_48511_38127#
Extracting a_49483_38101#
Extracting a_49686_38259#
Extracting a_50003_38369#
Extracting a_49964_38243#
Extracting a_50159_38101#
Extracting a_50090_38127#
Extracting a_50784_38101#
Extracting a_51412_38359#
Extracting a_48677_38127#
Extracting a_51620_38395#
Extracting a_51841_38425#
Extracting a_52335_38101#
Extracting a_52538_38259#
Extracting a_52855_38369#
Extracting a_52816_38243#
Extracting a_53011_38101#
Extracting a_52942_38127#
Extracting a_53636_38101#
Extracting a_54264_38359#
Extracting a_54479_38140#
Extracting a_54693_38425#
Extracting a_56843_38101#
Extracting a_57046_38259#
Extracting a_57363_38369#
Extracting a_57324_38243#
Extracting a_57519_38101#
Extracting a_57450_38127#
Extracting a_58144_38101#
Extracting a_58772_38359#
Extracting a_59201_38425#
Extracting a_59695_38101#
Extracting a_59898_38259#
Extracting a_60215_38369#
Extracting a_60176_38243#
Extracting a_60371_38101#
Extracting a_60302_38127#
Extracting a_60996_38101#
Extracting a_61624_38359#
Extracting a_62053_38425#
Extracting a_37859_38493#
Extracting a_38080_38493#
Extracting a_38285_38127#
Extracting a_25116_36681#
Extracting a_38674_38493#
Extracting a_38895_38493#
Extracting a_24932_37145#
Extracting a_37787_38166#
Extracting a_38073_38166#
Extracting a_39686_38493#
Extracting a_39907_38493#
Extracting a_38674_38166#
Extracting a_38991_38166#
Extracting a_40705_38493#
Extracting a_40945_38493#
Extracting a_39686_38166#
Extracting a_40003_38166#
Extracting a_41381_38493#
Extracting a_41453_38493#
Extracting a_41706_38127#
Extracting a_40904_38127#
Extracting a_42637_38493#
Extracting a_42877_38493#
Extracting a_41288_38127#
Extracting a_43313_38493#
Extracting a_43385_38493#
Extracting a_43638_38127#
Extracting a_42836_38127#
Extracting a_44537_38447#
Extracting a_49721_38493#
Extracting a_49961_38493#
Extracting a_43220_38127#
Extracting a_44369_38127#
Extracting a_44537_38127#
Extracting a_50397_38493#
Extracting a_50469_38493#
Extracting a_50722_38127#
Extracting a_49920_38127#
Extracting a_51554_38493#
Extracting a_51775_38493#
Extracting a_50304_38127#
Extracting a_52573_38493#
Extracting a_52813_38493#
Extracting a_51554_38166#
Extracting a_51871_38166#
Extracting a_53249_38493#
Extracting a_53321_38493#
Extracting a_53574_38127#
Extracting a_52772_38127#
Extracting a_54406_38493#
Extracting a_54627_38493#
Extracting a_53156_38127#
Extracting a_57081_38493#
Extracting a_57321_38493#
Extracting a_54406_38166#
Extracting a_54723_38166#
Extracting a_57757_38493#
Extracting a_57829_38493#
Extracting a_58082_38127#
Extracting a_57280_38127#
Extracting a_58914_38493#
Extracting a_59135_38493#
Extracting a_57664_38127#
Extracting a_59933_38493#
Extracting a_60173_38493#
Extracting a_58914_38166#
Extracting a_59231_38166#
Extracting a_60609_38493#
Extracting a_60681_38493#
Extracting a_60934_38127#
Extracting a_60132_38127#
Extracting a_61766_38493#
Extracting a_61987_38493#
Extracting a_60516_38127#
Extracting a_61766_38166#
Extracting a_62083_38166#
Extracting a_36275_37949#
Extracting a_36455_37949#
Extracting a_36999_37557#
Extracting a_37859_37910#
Extracting a_38532_37735#
Extracting a_39544_37735#
Extracting a_37605_37910#
Extracting a_37829_37812#
Extracting a_37579_34863#
Extracting a_37787_37910#
Extracting a_38073_37910#
Extracting a_36545_37583#
Extracting a_38285_37583#
Extracting a_25116_35593#
Extracting a_24932_36057#
Extracting a_38740_37557#
Extracting a_38961_37557#
Extracting a_38674_37910#
Extracting a_38991_37910#
Extracting a_37859_37583#
Extracting a_38080_37583#
Extracting a_40507_37583#
Extracting a_40673_37583#
Extracting a_41241_37825#
Extracting a_41023_37583#
Extracting a_41763_37557#
Extracting a_41588_37583#
Extracting a_42488_37735#
Extracting a_43408_37735#
Extracting a_44339_37735#
Extracting a_44909_37735#
Extracting a_49483_37557#
Extracting a_49686_37835#
Extracting a_49964_37851#
Extracting a_50003_37725#
Extracting a_50159_37820#
Extracting a_50090_37949#
Extracting a_50784_37832#
Extracting a_39759_36777#
Extracting a_39752_37557#
Extracting a_39973_37557#
Extracting a_39686_37910#
Extracting a_40003_37910#
Extracting a_38674_37583#
Extracting a_38895_37583#
Extracting a_40928_37583#
Extracting a_41131_37949#
Extracting a_39686_37583#
Extracting a_39907_37583#
Extracting a_41750_37949#
Extracting a_41119_37583#
Extracting a_41285_37583#
Extracting a_42917_37557#
Extracting a_42630_37910#
Extracting a_42947_37910#
Extracting a_41697_37583#
Extracting a_41942_37583#
Extracting a_42613_37052#
Extracting a_43504_37735#
Extracting a_42445_36469#
Extracting a_43837_37557#
Extracting a_43550_37910#
Extracting a_43867_37910#
Extracting a_42630_37583#
Extracting a_42851_37583#
Extracting a_43550_37583#
Extracting a_43771_37583#
Extracting a_42321_35183#
Extracting a_45072_37833#
Extracting a_49920_37949#
Extracting a_44513_37611#
Extracting a_50304_37949#
Extracting a_50722_37949#
Extracting a_51412_37735#
Extracting a_52579_37910#
Extracting a_49721_37583#
Extracting a_49961_37583#
Extracting a_50397_37583#
Extracting a_50469_37583#
Extracting a_51620_37557#
Extracting a_51841_37557#
Extracting a_52325_37910#
Extracting a_51554_37910#
Extracting a_51871_37910#
Extracting a_52507_37910#
Extracting a_52793_37910#
Extracting a_53005_37583#
Extracting a_53203_37583#
Extracting a_53369_37583#
Extracting a_53937_37825#
Extracting a_53719_37583#
Extracting a_54459_37557#
Extracting a_54284_37583#
Extracting a_56843_37557#
Extracting a_57046_37835#
Extracting a_57324_37851#
Extracting a_57363_37725#
Extracting a_57519_37820#
Extracting a_57450_37949#
Extracting a_58144_37832#
Extracting a_53624_37583#
Extracting a_53827_37949#
Extracting a_51554_37583#
Extracting a_51775_37583#
Extracting a_52579_37583#
Extracting a_52800_37583#
Extracting a_54446_37949#
Extracting a_53815_37583#
Extracting a_53981_37583#
Extracting a_57280_37949#
Extracting a_54393_37583#
Extracting a_54638_37583#
Extracting a_57664_37949#
Extracting a_58082_37949#
Extracting a_58772_37735#
Extracting a_59939_37910#
Extracting a_57081_37583#
Extracting a_57321_37583#
Extracting a_57757_37583#
Extracting a_57829_37583#
Extracting a_58980_37557#
Extracting a_59201_37557#
Extracting a_59685_37910#
Extracting a_58914_37910#
Extracting a_59231_37910#
Extracting a_59867_37910#
Extracting a_60153_37910#
Extracting a_60365_37583#
Extracting a_60563_37583#
Extracting a_60729_37583#
Extracting a_61297_37825#
Extracting a_61079_37583#
Extracting a_61819_37557#
Extracting a_61644_37583#
Extracting a_60984_37583#
Extracting a_61187_37949#
Extracting a_58914_37583#
Extracting a_59135_37583#
Extracting a_59939_37583#
Extracting a_60160_37583#
Extracting a_61806_37949#
Extracting a_61175_37583#
Extracting a_61341_37583#
Extracting a_61753_37583#
Extracting a_61998_37583#
Extracting a_36275_37039#
Extracting a_36455_37039#
Extracting a_36999_37013#
Extracting a_37605_37078#
Extracting a_37901_37307#
Extracting a_37452_34953#
Extracting a_37859_37078#
Extracting a_38532_37271#
Extracting a_38740_37307#
Extracting a_38961_37337#
Extracting a_39544_37271#
Extracting a_39752_37307#
Extracting a_39973_37337#
Extracting a_40415_37045#
Extracting a_40581_37045#
Extracting a_41149_37013#
Extracting a_40931_37417#
Extracting a_41671_37343#
Extracting a_41496_37417#
Extracting a_42389_37078#
Extracting a_42643_37078#
Extracting a_43275_37039#
Extracting a_43161_34863#
Extracting a_44044_37155#
Extracting a_41309_34319#
Extracting a_49483_37013#
Extracting a_49686_37171#
Extracting a_50003_37281#
Extracting a_49964_37155#
Extracting a_50159_37013#
Extracting a_50090_37039#
Extracting a_50784_37013#
Extracting a_51412_37271#
Extracting a_51620_37307#
Extracting a_51841_37337#
Extracting a_52335_37013#
Extracting a_52538_37171#
Extracting a_52855_37281#
Extracting a_52816_37155#
Extracting a_53011_37013#
Extracting a_52942_37039#
Extracting a_53636_37013#
Extracting a_54264_37271#
Extracting a_54479_37052#
Extracting a_54693_37337#
Extracting a_56916_37271#
Extracting a_57012_37013#
Extracting a_57148_37039#
Extracting a_57472_37317#
Extracting a_57556_37013#
Extracting a_57640_37353#
Extracting a_57776_37405#
Extracting a_58298_37269#
Extracting a_58864_37271#
Extracting a_59293_37337#
Extracting a_59860_37271#
Extracting a_59956_37013#
Extracting a_60092_37039#
Extracting a_60416_37317#
Extracting a_60500_37013#
Extracting a_60584_37353#
Extracting a_60720_37405#
Extracting a_61242_37269#
Extracting a_61808_37271#
Extracting a_62237_37337#
Extracting a_17108_37145#
Extracting a_18011_37021#
Extracting a_17059_36993#
Extracting a_18531_37359#
Extracting a_17689_32641#
Extracting a_18711_37359#
Extracting a_20972_37145#
Extracting a_21875_37021#
Extracting a_20923_36993#
Extracting a_22395_37359#
Extracting a_21553_32641#
Extracting a_22575_37359#
Extracting a_24836_37145#
Extracting a_25739_37021#
Extracting a_24787_36993#
Extracting a_26259_37359#
Extracting a_25417_32641#
Extracting a_26439_37359#
Extracting a_28700_37145#
Extracting a_29603_37021#
Extracting a_28651_36993#
Extracting a_30123_37359#
Extracting a_29281_32641#
Extracting a_30303_37359#
Extracting a_17243_36449#
Extracting a_17316_36967#
Extracting a_17537_36967#
Extracting a_17250_37320#
Extracting a_17567_37320#
Extracting a_16756_10376#
Extracting a_17250_36993#
Extracting a_17471_36993#
Extracting a_18097_37021#
Extracting a_16756_10782#
Extracting a_21107_36449#
Extracting a_21180_36967#
Extracting a_21401_36967#
Extracting a_21114_37320#
Extracting a_21431_37320#
Extracting a_18801_36993#
Extracting a_20620_10376#
Extracting a_21114_36993#
Extracting a_21335_36993#
Extracting a_21961_37021#
Extracting a_20620_10782#
Extracting a_24971_36449#
Extracting a_25044_36967#
Extracting a_25265_36967#
Extracting a_24978_37320#
Extracting a_25295_37320#
Extracting a_22665_36993#
Extracting a_24484_10376#
Extracting a_24978_36993#
Extracting a_25199_36993#
Extracting a_25825_37021#
Extracting a_24484_10782#
Extracting a_28796_37145#
Extracting a_28835_36449#
Extracting a_28908_36967#
Extracting a_29129_36967#
Extracting a_28842_37320#
Extracting a_29159_37320#
Extracting a_26529_36993#
Extracting a_28348_10376#
Extracting a_28842_36993#
Extracting a_29063_36993#
Extracting a_29689_37021#
Extracting a_28348_10782#
Extracting a_36545_37405#
Extracting a_37859_37405#
Extracting a_38080_37405#
Extracting a_30393_36993#
Extracting a_25116_34505#
Extracting a_38674_37405#
Extracting a_38895_37405#
Extracting a_24932_34969#
Extracting a_37787_37078#
Extracting a_38073_37078#
Extracting a_39686_37405#
Extracting a_39907_37405#
Extracting a_38674_37078#
Extracting a_38991_37078#
Extracting a_40836_37405#
Extracting a_41027_37417#
Extracting a_41193_37405#
Extracting a_39686_37078#
Extracting a_40003_37078#
Extracting a_41605_37417#
Extracting a_41850_37405#
Extracting a_41039_37039#
Extracting a_42643_37405#
Extracting a_42864_37405#
Extracting a_41658_37039#
Extracting a_43525_37359#
Extracting a_49721_37405#
Extracting a_49961_37405#
Extracting a_42571_37078#
Extracting a_42857_37078#
Extracting a_43357_37039#
Extracting a_43525_37039#
Extracting a_44126_37155#
Extracting a_50397_37405#
Extracting a_50469_37405#
Extracting a_50722_37039#
Extracting a_49920_37039#
Extracting a_51554_37405#
Extracting a_51775_37405#
Extracting a_50304_37039#
Extracting a_52573_37405#
Extracting a_52813_37405#
Extracting a_51554_37078#
Extracting a_51871_37078#
Extracting a_53249_37405#
Extracting a_53321_37405#
Extracting a_53574_37039#
Extracting a_52772_37039#
Extracting a_54406_37405#
Extracting a_54627_37405#
Extracting a_53156_37039#
Extracting a_57354_37405#
Extracting a_57430_37405#
Extracting a_57598_37405#
Extracting a_57858_37405#
Extracting a_58044_37405#
Extracting a_58248_37039#
Extracting a_54406_37078#
Extracting a_54723_37078#
Extracting a_59006_37405#
Extracting a_59227_37405#
Extracting a_57514_37039#
Extracting a_57694_37039#
Extracting a_58044_37039#
Extracting a_60298_37405#
Extracting a_60374_37405#
Extracting a_60542_37405#
Extracting a_60802_37405#
Extracting a_60988_37405#
Extracting a_61192_37039#
Extracting a_59006_37078#
Extracting a_59323_37078#
Extracting a_61950_37405#
Extracting a_62171_37405#
Extracting a_60458_37039#
Extracting a_60638_37039#
Extracting a_60988_37039#
Extracting a_61950_37078#
Extracting a_62267_37078#
Extracting a_36329_36469#
Extracting a_37387_36745#
Extracting a_37839_36861#
Extracting a_38019_36861#
Extracting a_38532_36647#
Extracting a_39544_36647#
Extracting a_17292_36681#
Extracting a_17721_36747#
Extracting a_18212_36681#
Extracting a_18641_36747#
Extracting a_21156_36681#
Extracting a_21585_36747#
Extracting a_22076_36681#
Extracting a_22505_36747#
Extracting a_25020_36681#
Extracting a_25449_36747#
Extracting a_25940_36681#
Extracting a_26369_36747#
Extracting a_28884_36681#
Extracting a_28980_36681#
Extracting a_29313_36747#
Extracting a_29804_36681#
Extracting a_30233_36747#
Extracting a_17255_32793#
Extracting a_17434_36815#
Extracting a_17655_36815#
Extracting a_18354_36815#
Extracting a_18575_36815#
Extracting a_17434_36488#
Extracting a_17751_36488#
Extracting a_21298_36815#
Extracting a_21519_36815#
Extracting a_18354_36488#
Extracting a_18671_36488#
Extracting a_22218_36815#
Extracting a_22439_36815#
Extracting a_21298_36488#
Extracting a_21615_36488#
Extracting a_25162_36815#
Extracting a_25383_36815#
Extracting a_22218_36488#
Extracting a_22535_36488#
Extracting a_26082_36815#
Extracting a_26303_36815#
Extracting a_25162_36488#
Extracting a_25479_36488#
Extracting a_29026_36815#
Extracting a_29247_36815#
Extracting a_26082_36488#
Extracting a_26399_36488#
Extracting a_29946_36815#
Extracting a_30167_36815#
Extracting a_29026_36488#
Extracting a_29343_36488#
Extracting a_36499_36647#
Extracting a_37195_36501#
Extracting a_36457_36745#
Extracting a_37469_36745#
Extracting a_29946_36488#
Extracting a_30263_36488#
Extracting a_38285_36495#
Extracting a_25116_33417#
Extracting a_24932_33881#
Extracting a_38740_36469#
Extracting a_38961_36469#
Extracting a_38674_36822#
Extracting a_38991_36822#
Extracting a_38109_36495#
Extracting a_40415_36495#
Extracting a_40581_36495#
Extracting a_41149_36737#
Extracting a_40931_36495#
Extracting a_41671_36469#
Extracting a_41496_36495#
Extracting a_42643_36822#
Extracting a_43327_36647#
Extracting a_43897_36647#
Extracting a_49483_36469#
Extracting a_49686_36747#
Extracting a_49964_36763#
Extracting a_50003_36637#
Extracting a_50159_36732#
Extracting a_50090_36861#
Extracting a_50784_36744#
Extracting a_39752_36469#
Extracting a_39973_36469#
Extracting a_39686_36822#
Extracting a_40003_36822#
Extracting a_38674_36495#
Extracting a_38895_36495#
Extracting a_40836_36495#
Extracting a_41039_36861#
Extracting a_39686_36495#
Extracting a_39907_36495#
Extracting a_41658_36861#
Extracting a_41027_36495#
Extracting a_41193_36495#
Extracting a_42389_36822#
Extracting a_42571_36822#
Extracting a_42857_36822#
Extracting a_41605_36495#
Extracting a_41850_36495#
Extracting a_42643_36495#
Extracting a_42864_36495#
Extracting a_37452_34293#
Extracting a_44060_36745#
Extracting a_49920_36861#
Extracting a_43501_36523#
Extracting a_50304_36861#
Extracting a_50722_36861#
Extracting a_51412_36647#
Extracting a_52579_36822#
Extracting a_49721_36495#
Extracting a_49961_36495#
Extracting a_50397_36495#
Extracting a_50469_36495#
Extracting a_51620_36469#
Extracting a_51841_36469#
Extracting a_52325_36822#
Extracting a_51554_36822#
Extracting a_51871_36822#
Extracting a_52507_36822#
Extracting a_52793_36822#
Extracting a_53005_36495#
Extracting a_53203_36495#
Extracting a_53369_36495#
Extracting a_53937_36737#
Extracting a_53719_36495#
Extracting a_54459_36469#
Extracting a_54284_36495#
Extracting a_56843_36469#
Extracting a_57046_36747#
Extracting a_57324_36763#
Extracting a_57363_36637#
Extracting a_57519_36732#
Extracting a_57450_36861#
Extracting a_58144_36744#
Extracting a_53624_36495#
Extracting a_53827_36861#
Extracting a_51554_36495#
Extracting a_51775_36495#
Extracting a_52579_36495#
Extracting a_52800_36495#
Extracting a_54446_36861#
Extracting a_53815_36495#
Extracting a_53981_36495#
Extracting a_57280_36861#
Extracting a_54393_36495#
Extracting a_54638_36495#
Extracting a_57664_36861#
Extracting a_58082_36861#
Extracting a_58772_36647#
Extracting a_59939_36822#
Extracting a_57081_36495#
Extracting a_57321_36495#
Extracting a_57757_36495#
Extracting a_57829_36495#
Extracting a_58980_36469#
Extracting a_59201_36469#
Extracting a_59685_36822#
Extracting a_58914_36822#
Extracting a_59231_36822#
Extracting a_59867_36822#
Extracting a_60153_36822#
Extracting a_60365_36495#
Extracting a_60563_36495#
Extracting a_60729_36495#
Extracting a_61297_36737#
Extracting a_61079_36495#
Extracting a_61819_36469#
Extracting a_61644_36495#
Extracting a_60984_36495#
Extracting a_61187_36861#
Extracting a_58914_36495#
Extracting a_59135_36495#
Extracting a_59939_36495#
Extracting a_60160_36495#
Extracting a_61806_36861#
Extracting a_61175_36495#
Extracting a_61341_36495#
Extracting a_61753_36495#
Extracting a_61998_36495#
Extracting a_36327_35925#
Extracting a_36503_36257#
Extracting a_36919_35951#
Extracting a_37839_35951#
Extracting a_38019_35951#
Extracting a_38543_36183#
Extracting a_39555_36183#
Extracting a_40099_35925#
Extracting a_40302_36083#
Extracting a_40619_36193#
Extracting a_40580_36067#
Extracting a_40775_35925#
Extracting a_40706_35951#
Extracting a_41059_34863#
Extracting a_42028_36183#
Extracting a_42457_36249#
Extracting a_42907_35951#
Extracting a_43713_36183#
Extracting a_49483_35925#
Extracting a_49686_36083#
Extracting a_50003_36193#
Extracting a_49964_36067#
Extracting a_50159_35925#
Extracting a_50090_35951#
Extracting a_50784_35925#
Extracting a_51412_36183#
Extracting a_51620_36219#
Extracting a_38771_35967#
Extracting a_51841_36249#
Extracting a_52335_35925#
Extracting a_52538_36083#
Extracting a_52855_36193#
Extracting a_52816_36067#
Extracting a_53011_35925#
Extracting a_52942_35951#
Extracting a_53636_35925#
Extracting a_54264_36183#
Extracting a_54479_35964#
Extracting a_54693_36249#
Extracting a_56843_35925#
Extracting a_57046_36083#
Extracting a_57363_36193#
Extracting a_57324_36067#
Extracting a_57519_35925#
Extracting a_57450_35951#
Extracting a_58144_35925#
Extracting a_58772_36183#
Extracting a_39783_35967#
Extracting a_59201_36249#
Extracting a_59695_35925#
Extracting a_59898_36083#
Extracting a_60215_36193#
Extracting a_60176_36067#
Extracting a_60371_35925#
Extracting a_60302_35951#
Extracting a_60996_35925#
Extracting a_61624_36183#
Extracting a_62053_36249#
Extracting a_17108_36057#
Extracting a_18011_35933#
Extracting a_17059_35905#
Extracting a_18531_36271#
Extracting a_18711_36271#
Extracting a_20972_36057#
Extracting a_21875_35933#
Extracting a_20923_35905#
Extracting a_22395_36271#
Extracting a_22575_36271#
Extracting a_24836_36057#
Extracting a_25739_35933#
Extracting a_24787_35905#
Extracting a_26259_36271#
Extracting a_26439_36271#
Extracting a_28700_36057#
Extracting a_29603_35933#
Extracting a_28651_35905#
Extracting a_30123_36271#
Extracting a_30303_36271#
Extracting a_17481_32899#
Extracting a_17243_35361#
Extracting a_17316_35879#
Extracting a_17537_35879#
Extracting a_17250_36232#
Extracting a_17567_36232#
Extracting a_16756_14376#
Extracting a_17250_35905#
Extracting a_17471_35905#
Extracting a_18097_35933#
Extracting a_16756_14782#
Extracting a_21107_35361#
Extracting a_21180_35879#
Extracting a_21401_35879#
Extracting a_21114_36232#
Extracting a_21431_36232#
Extracting a_18801_35905#
Extracting a_20620_14376#
Extracting a_21114_35905#
Extracting a_21335_35905#
Extracting a_21961_35933#
Extracting a_20620_14782#
Extracting a_24971_35361#
Extracting a_25044_35879#
Extracting a_25265_35879#
Extracting a_24978_36232#
Extracting a_25295_36232#
Extracting a_22665_35905#
Extracting a_24484_14376#
Extracting a_24978_35905#
Extracting a_25199_35905#
Extracting a_25825_35933#
Extracting a_24484_14782#
Extracting a_28796_36057#
Extracting a_28835_35361#
Extracting a_28908_35879#
Extracting a_29129_35879#
Extracting a_28842_36232#
Extracting a_29159_36232#
Extracting a_26529_35905#
Extracting a_28348_14376#
Extracting a_28842_35905#
Extracting a_29063_35905#
Extracting a_29689_35933#
Extracting a_28348_14782#
Extracting a_36455_36317#
Extracting a_30393_35905#
Extracting a_38109_36317#
Extracting a_38077_34837#
Extracting a_38717_36289#
Extracting a_37310_34471#
Extracting a_39729_36289#
Extracting a_39209_35951#
Extracting a_36425_34293#
Extracting a_40337_36317#
Extracting a_40577_36317#
Extracting a_41013_36317#
Extracting a_41085_36317#
Extracting a_41338_35951#
Extracting a_40536_35951#
Extracting a_41400_35656#
Extracting a_42170_36317#
Extracting a_42391_36317#
Extracting a_40920_35951#
Extracting a_43157_36271#
Extracting a_49721_36317#
Extracting a_49961_36317#
Extracting a_42170_35990#
Extracting a_42487_35990#
Extracting a_42989_35951#
Extracting a_43157_35951#
Extracting a_43876_36067#
Extracting a_50397_36317#
Extracting a_50469_36317#
Extracting a_50722_35951#
Extracting a_49920_35951#
Extracting a_51554_36317#
Extracting a_51775_36317#
Extracting a_50304_35951#
Extracting a_52573_36317#
Extracting a_52813_36317#
Extracting a_51554_35990#
Extracting a_51871_35990#
Extracting a_53249_36317#
Extracting a_53321_36317#
Extracting a_53574_35951#
Extracting a_52772_35951#
Extracting a_54406_36317#
Extracting a_54627_36317#
Extracting a_53156_35951#
Extracting a_57081_36317#
Extracting a_57321_36317#
Extracting a_54406_35990#
Extracting a_54723_35990#
Extracting a_57757_36317#
Extracting a_57829_36317#
Extracting a_58082_35951#
Extracting a_57280_35951#
Extracting a_58914_36317#
Extracting a_59135_36317#
Extracting a_57664_35951#
Extracting a_59933_36317#
Extracting a_60173_36317#
Extracting a_58914_35990#
Extracting a_59231_35990#
Extracting a_60609_36317#
Extracting a_60681_36317#
Extracting a_60934_35951#
Extracting a_60132_35951#
Extracting a_61766_36317#
Extracting a_61987_36317#
Extracting a_60516_35951#
Extracting a_61766_35990#
Extracting a_62083_35990#
Extracting a_36327_35381#
Extracting a_36503_35381#
Extracting a_37195_35773#
Extracting a_37375_35773#
Extracting a_37839_35773#
Extracting a_38019_35773#
Extracting a_38543_35559#
Extracting a_39555_35559#
Extracting a_40099_35381#
Extracting a_40302_35659#
Extracting a_40580_35675#
Extracting a_40619_35549#
Extracting a_40775_35644#
Extracting a_40706_35773#
Extracting a_17292_35593#
Extracting a_17721_35659#
Extracting a_18212_35593#
Extracting a_18641_35659#
Extracting a_21156_35593#
Extracting a_21585_35659#
Extracting a_22076_35593#
Extracting a_22505_35659#
Extracting a_25020_35593#
Extracting a_25449_35659#
Extracting a_25940_35593#
Extracting a_26369_35659#
Extracting a_28884_35593#
Extracting a_28980_35593#
Extracting a_29313_35659#
Extracting a_29804_35593#
Extracting a_30233_35659#
Extracting a_21345_32899#
Extracting a_17434_35727#
Extracting a_17655_35727#
Extracting a_18354_35727#
Extracting a_18575_35727#
Extracting a_17434_35400#
Extracting a_17751_35400#
Extracting a_21298_35727#
Extracting a_21519_35727#
Extracting a_18354_35400#
Extracting a_18671_35400#
Extracting a_22218_35727#
Extracting a_22439_35727#
Extracting a_21298_35400#
Extracting a_21615_35400#
Extracting a_25162_35727#
Extracting a_25383_35727#
Extracting a_22218_35400#
Extracting a_22535_35400#
Extracting a_26082_35727#
Extracting a_26303_35727#
Extracting a_25162_35400#
Extracting a_25479_35400#
Extracting a_29026_35727#
Extracting a_29247_35727#
Extracting a_26082_35400#
Extracting a_26399_35400#
Extracting a_29946_35727#
Extracting a_30167_35727#
Extracting a_29026_35400#
Extracting a_29343_35400#
Extracting a_29946_35400#
Extracting a_30263_35400#
Extracting a_37641_35407#
Extracting a_36455_35407#
Extracting a_37465_35407#
Extracting a_38771_35409#
Extracting a_38109_35407#
Extracting a_39783_35409#
Extracting a_38717_35435#
Extracting a_39213_35407#
Extracting a_40536_35773#
Extracting a_39729_35435#
Extracting a_40920_35773#
Extracting a_41338_35773#
Extracting a_42039_35592#
Extracting a_42793_35559#
Extracting a_43308_35657#
Extracting a_49483_35381#
Extracting a_49686_35659#
Extracting a_49964_35675#
Extracting a_50003_35549#
Extracting a_50159_35644#
Extracting a_50090_35773#
Extracting a_50784_35656#
Extracting a_40337_35407#
Extracting a_40577_35407#
Extracting a_41013_35407#
Extracting a_41085_35407#
Extracting a_42069_35657#
Extracting a_42425_35657#
Extracting a_40403_34876#
Extracting a_42956_35657#
Extracting a_43390_35657#
Extracting a_49920_35773#
Extracting a_42257_35407#
Extracting a_50304_35773#
Extracting a_50722_35773#
Extracting a_51412_35559#
Extracting a_52579_35734#
Extracting a_49721_35407#
Extracting a_49961_35407#
Extracting a_50397_35407#
Extracting a_50469_35407#
Extracting a_51620_35381#
Extracting a_51841_35381#
Extracting a_52325_35734#
Extracting a_51554_35734#
Extracting a_51871_35734#
Extracting a_52507_35734#
Extracting a_52793_35734#
Extracting a_53005_35407#
Extracting a_53203_35407#
Extracting a_53369_35407#
Extracting a_53937_35649#
Extracting a_53719_35407#
Extracting a_54459_35381#
Extracting a_54284_35407#
Extracting a_56843_35381#
Extracting a_57046_35659#
Extracting a_57324_35675#
Extracting a_57363_35549#
Extracting a_57519_35644#
Extracting a_57450_35773#
Extracting a_58144_35656#
Extracting a_53624_35407#
Extracting a_53827_35773#
Extracting a_51554_35407#
Extracting a_51775_35407#
Extracting a_52579_35407#
Extracting a_52800_35407#
Extracting a_54446_35773#
Extracting a_53815_35407#
Extracting a_53981_35407#
Extracting a_57280_35773#
Extracting a_54393_35407#
Extracting a_54638_35407#
Extracting a_57664_35773#
Extracting a_58082_35773#
Extracting a_58772_35559#
Extracting a_59939_35734#
Extracting a_57081_35407#
Extracting a_57321_35407#
Extracting a_57757_35407#
Extracting a_57829_35407#
Extracting a_58980_35381#
Extracting a_59201_35381#
Extracting a_59685_35734#
Extracting a_58914_35734#
Extracting a_59231_35734#
Extracting a_59867_35734#
Extracting a_60153_35734#
Extracting a_60365_35407#
Extracting a_60563_35407#
Extracting a_60729_35407#
Extracting a_61297_35649#
Extracting a_61079_35407#
Extracting a_61819_35381#
Extracting a_61644_35407#
Extracting a_60984_35407#
Extracting a_61187_35773#
Extracting a_58914_35407#
Extracting a_59135_35407#
Extracting a_59939_35407#
Extracting a_60160_35407#
Extracting a_61806_35773#
Extracting a_61175_35407#
Extracting a_61341_35407#
Extracting a_61753_35407#
Extracting a_61998_35407#
Extracting a_36327_34837#
Extracting a_36503_35169#
Extracting a_37328_34979#
Extracting a_37839_34863#
Extracting a_38019_34863#
Extracting a_38543_35095#
Extracting a_39549_34837#
Extracting a_17108_34969#
Extracting a_18011_34845#
Extracting a_17059_34817#
Extracting a_18531_35183#
Extracting a_18711_35183#
Extracting a_20972_34969#
Extracting a_21875_34845#
Extracting a_20923_34817#
Extracting a_22395_35183#
Extracting a_22575_35183#
Extracting a_24836_34969#
Extracting a_25739_34845#
Extracting a_24787_34817#
Extracting a_26259_35183#
Extracting a_26439_35183#
Extracting a_28700_34969#
Extracting a_29603_34845#
Extracting a_28651_34817#
Extracting a_30123_35183#
Extracting a_30303_35183#
Extracting a_25209_32899#
Extracting a_17243_34273#
Extracting a_17316_34791#
Extracting a_17537_34791#
Extracting a_17250_35144#
Extracting a_17567_35144#
Extracting a_16756_18782#
Extracting a_17250_34817#
Extracting a_17471_34817#
Extracting a_18097_34845#
Extracting a_16756_18376#
Extracting a_21107_34273#
Extracting a_21180_34791#
Extracting a_21401_34791#
Extracting a_21114_35144#
Extracting a_21431_35144#
Extracting a_18801_34817#
Extracting a_20620_18782#
Extracting a_21114_34817#
Extracting a_21335_34817#
Extracting a_21961_34845#
Extracting a_20620_18376#
Extracting a_24971_34273#
Extracting a_25044_34791#
Extracting a_25265_34791#
Extracting a_24978_35144#
Extracting a_25295_35144#
Extracting a_22665_34817#
Extracting a_24484_18782#
Extracting a_24978_34817#
Extracting a_25199_34817#
Extracting a_25825_34845#
Extracting a_24484_18376#
Extracting a_28796_34969#
Extracting a_28835_34273#
Extracting a_28908_34791#
Extracting a_29129_34791#
Extracting a_28842_35144#
Extracting a_29159_35144#
Extracting a_26529_34817#
Extracting a_28348_18782#
Extracting a_28842_34817#
Extracting a_29063_34817#
Extracting a_29689_34845#
Extracting a_28348_18376#
Extracting a_36455_35229#
Extracting a_30393_34817#
Extracting a_38109_35229#
Extracting a_37410_34979#
Extracting a_28980_34505#
Extracting a_38771_34879#
Extracting a_38717_35201#
Extracting a_39213_35183#
Extracting a_38077_34577#
Extracting a_39647_34877#
Extracting a_39719_34953#
Extracting a_40188_35095#
Extracting a_40617_35161#
Extracting a_41108_35095#
Extracting a_41316_35131#
Extracting a_41537_35161#
Extracting a_41987_34863#
Extracting a_42715_34863#
Extracting a_42895_34863#
Extracting a_43437_35095#
Extracting a_42045_34319#
Extracting a_49483_34837#
Extracting a_49686_34995#
Extracting a_50003_35105#
Extracting a_49964_34979#
Extracting a_50159_34837#
Extracting a_50090_34863#
Extracting a_50784_34837#
Extracting a_51412_35095#
Extracting a_51620_35131#
Extracting a_51841_35161#
Extracting a_52335_34837#
Extracting a_52538_34995#
Extracting a_52855_35105#
Extracting a_52816_34979#
Extracting a_53011_34837#
Extracting a_52942_34863#
Extracting a_53636_34837#
Extracting a_54264_35095#
Extracting a_54479_34876#
Extracting a_54693_35161#
Extracting a_56916_35095#
Extracting a_57012_34837#
Extracting a_57148_34863#
Extracting a_57472_35141#
Extracting a_57556_34837#
Extracting a_57640_35177#
Extracting a_57776_35229#
Extracting a_58298_35093#
Extracting a_58864_35095#
Extracting a_59293_35161#
Extracting a_59860_35095#
Extracting a_59956_34837#
Extracting a_60092_34863#
Extracting a_60416_35141#
Extracting a_60500_34837#
Extracting a_60584_35177#
Extracting a_60720_35229#
Extracting a_61242_35093#
Extracting a_61808_35095#
Extracting a_62237_35161#
Extracting a_40330_35229#
Extracting a_40551_35229#
Extracting a_39677_34979#
Extracting a_41250_35229#
Extracting a_41471_35229#
Extracting a_40330_34902#
Extracting a_40647_34902#
Extracting a_42237_35183#
Extracting a_42985_35229#
Extracting a_41250_34902#
Extracting a_41567_34902#
Extracting a_42069_34863#
Extracting a_42237_34863#
Extracting a_43014_34471#
Extracting a_49721_35229#
Extracting a_49961_35229#
Extracting a_43600_34979#
Extracting a_50397_35229#
Extracting a_50469_35229#
Extracting a_50722_34863#
Extracting a_49920_34863#
Extracting a_51554_35229#
Extracting a_51775_35229#
Extracting a_50304_34863#
Extracting a_52573_35229#
Extracting a_52813_35229#
Extracting a_51554_34902#
Extracting a_51871_34902#
Extracting a_53249_35229#
Extracting a_53321_35229#
Extracting a_53574_34863#
Extracting a_52772_34863#
Extracting a_54406_35229#
Extracting a_54627_35229#
Extracting a_53156_34863#
Extracting a_57354_35229#
Extracting a_57430_35229#
Extracting a_57598_35229#
Extracting a_57858_35229#
Extracting a_58044_35229#
Extracting a_58248_34863#
Extracting a_54406_34902#
Extracting a_54723_34902#
Extracting a_59006_35229#
Extracting a_59227_35229#
Extracting a_57514_34863#
Extracting a_57694_34863#
Extracting a_58044_34863#
Extracting a_60298_35229#
Extracting a_60374_35229#
Extracting a_60542_35229#
Extracting a_60802_35229#
Extracting a_60988_35229#
Extracting a_61192_34863#
Extracting a_59006_34902#
Extracting a_59323_34902#
Extracting a_61950_35229#
Extracting a_62171_35229#
Extracting a_60458_34863#
Extracting a_60638_34863#
Extracting a_60988_34863#
Extracting a_61950_34902#
Extracting a_62267_34902#
Extracting a_36327_34293#
Extracting a_36503_34293#
Extracting a_37328_34569#
Extracting a_37839_34685#
Extracting a_38019_34685#
Extracting a_38543_34471#
Extracting a_39555_34471#
Extracting a_40096_34471#
Extracting a_40975_34569#
Extracting a_41711_34569#
Extracting a_42499_34471#
Extracting a_43032_34569#
Extracting a_49483_34293#
Extracting a_49686_34571#
Extracting a_49964_34587#
Extracting a_50003_34461#
Extracting a_50159_34556#
Extracting a_50090_34685#
Extracting a_50784_34568#
Extracting a_17292_34505#
Extracting a_17721_34571#
Extracting a_18212_34505#
Extracting a_18641_34571#
Extracting a_21156_34505#
Extracting a_21585_34571#
Extracting a_22076_34505#
Extracting a_22505_34571#
Extracting a_25020_34505#
Extracting a_25449_34571#
Extracting a_25940_34505#
Extracting a_26369_34571#
Extracting a_28884_34505#
Extracting a_29313_34571#
Extracting a_29804_34505#
Extracting a_30233_34571#
Extracting a_29073_32899#
Extracting a_17434_34639#
Extracting a_17655_34639#
Extracting a_18354_34639#
Extracting a_18575_34639#
Extracting a_17434_34312#
Extracting a_17751_34312#
Extracting a_21298_34639#
Extracting a_21519_34639#
Extracting a_18354_34312#
Extracting a_18671_34312#
Extracting a_22218_34639#
Extracting a_22439_34639#
Extracting a_21298_34312#
Extracting a_21615_34312#
Extracting a_25162_34639#
Extracting a_25383_34639#
Extracting a_22218_34312#
Extracting a_22535_34312#
Extracting a_26082_34639#
Extracting a_26303_34639#
Extracting a_25162_34312#
Extracting a_25479_34312#
Extracting a_29026_34639#
Extracting a_29247_34639#
Extracting a_26082_34312#
Extracting a_26399_34312#
Extracting a_29946_34639#
Extracting a_30167_34639#
Extracting a_29026_34312#
Extracting a_29343_34312#
Extracting a_29946_34312#
Extracting a_30263_34312#
Extracting a_37410_34569#
Extracting a_36455_34319#
Extracting a_28980_33417#
Extracting a_38651_34471#
Extracting a_38109_34319#
Extracting a_28796_33881#
Extracting a_39783_34321#
Extracting a_38717_34347#
Extracting a_39209_34319#
Extracting a_40525_34293#
Extracting a_40238_34646#
Extracting a_40555_34646#
Extracting a_39729_34347#
Extracting a_41057_34569#
Extracting a_41225_34569#
Extracting a_41793_34569#
Extracting a_41961_34569#
Extracting a_40238_34319#
Extracting a_40459_34319#
Extracting a_41225_34319#
Extracting a_41961_34319#
Extracting a_43114_34569#
Extracting a_49920_34685#
Extracting a_42673_34347#
Extracting a_50304_34685#
Extracting a_50722_34685#
Extracting a_51412_34471#
Extracting a_52579_34646#
Extracting a_49721_34319#
Extracting a_49961_34319#
Extracting a_50397_34319#
Extracting a_50469_34319#
Extracting a_51620_34293#
Extracting a_51841_34293#
Extracting a_52325_34646#
Extracting a_51554_34646#
Extracting a_51871_34646#
Extracting a_52507_34646#
Extracting a_52793_34646#
Extracting a_53005_34319#
Extracting a_53203_34319#
Extracting a_53369_34319#
Extracting a_53937_34561#
Extracting a_53719_34319#
Extracting a_54459_34293#
Extracting a_54284_34319#
Extracting a_56843_34293#
Extracting a_57046_34571#
Extracting a_57324_34587#
Extracting a_57363_34461#
Extracting a_57519_34556#
Extracting a_57450_34685#
Extracting a_58144_34568#
Extracting a_53624_34319#
Extracting a_53827_34685#
Extracting a_51554_34319#
Extracting a_51775_34319#
Extracting a_52579_34319#
Extracting a_52800_34319#
Extracting a_54446_34685#
Extracting a_53815_34319#
Extracting a_53981_34319#
Extracting a_57280_34685#
Extracting a_54393_34319#
Extracting a_54638_34319#
Extracting a_57664_34685#
Extracting a_58082_34685#
Extracting a_58772_34471#
Extracting a_59939_34646#
Extracting a_57081_34319#
Extracting a_57321_34319#
Extracting a_57757_34319#
Extracting a_57829_34319#
Extracting a_58980_34293#
Extracting a_59201_34293#
Extracting a_59685_34646#
Extracting a_58914_34646#
Extracting a_59231_34646#
Extracting a_59867_34646#
Extracting a_60153_34646#
Extracting a_60365_34319#
Extracting a_60563_34319#
Extracting a_60729_34319#
Extracting a_61297_34561#
Extracting a_61079_34319#
Extracting a_61819_34293#
Extracting a_61644_34319#
Extracting a_60984_34319#
Extracting a_61187_34685#
Extracting a_58914_34319#
Extracting a_59135_34319#
Extracting a_59939_34319#
Extracting a_60160_34319#
Extracting a_61806_34685#
Extracting a_61175_34319#
Extracting a_61341_34319#
Extracting a_61753_34319#
Extracting a_61998_34319#
Extracting a_17108_33881#
Extracting a_18011_33757#
Extracting a_17059_33729#
Extracting a_18531_34095#
Extracting a_18711_34095#
Extracting a_20972_33881#
Extracting a_21875_33757#
Extracting a_20923_33729#
Extracting a_22395_34095#
Extracting a_22575_34095#
Extracting a_24836_33881#
Extracting a_25739_33757#
Extracting a_24787_33729#
Extracting a_26259_34095#
Extracting a_26439_34095#
Extracting a_28700_33881#
Extracting a_29603_33757#
Extracting a_28651_33729#
Extracting a_30123_34095#
Extracting a_30303_34095#
Extracting a_17243_33185#
Extracting a_17316_33703#
Extracting a_17537_33703#
Extracting a_17250_34056#
Extracting a_17567_34056#
Extracting a_18148_18782#
Extracting a_17250_33729#
Extracting a_17471_33729#
Extracting a_18097_33757#
Extracting a_18148_18376#
Extracting a_21107_33185#
Extracting a_21180_33703#
Extracting a_21401_33703#
Extracting a_21114_34056#
Extracting a_21431_34056#
Extracting a_18801_33729#
Extracting a_22012_18782#
Extracting a_21114_33729#
Extracting a_21335_33729#
Extracting a_21961_33757#
Extracting a_22012_18376#
Extracting a_24971_33185#
Extracting a_25044_33703#
Extracting a_25265_33703#
Extracting a_24978_34056#
Extracting a_25295_34056#
Extracting a_22665_33729#
Extracting a_25876_18782#
Extracting a_24978_33729#
Extracting a_25199_33729#
Extracting a_25825_33757#
Extracting a_25876_18376#
Extracting a_28835_33185#
Extracting a_28908_33703#
Extracting a_29129_33703#
Extracting a_28842_34056#
Extracting a_29159_34056#
Extracting a_26529_33729#
Extracting a_29740_18782#
Extracting a_28842_33729#
Extracting a_29063_33729#
Extracting a_29689_33757#
Extracting a_29740_18376#
Extracting a_30393_33729#
Extracting a_17292_33417#
Extracting a_17721_33483#
Extracting a_18212_33417#
Extracting a_18641_33483#
Extracting a_21156_33417#
Extracting a_21585_33483#
Extracting a_22076_33417#
Extracting a_22505_33483#
Extracting a_25020_33417#
Extracting a_25449_33483#
Extracting a_25940_33417#
Extracting a_26369_33483#
Extracting a_28884_33417#
Extracting a_29313_33483#
Extracting a_29804_33417#
Extracting a_30233_33483#
Extracting a_17434_33551#
Extracting a_17655_33551#
Extracting a_18354_33551#
Extracting a_18575_33551#
Extracting a_17434_33224#
Extracting a_17751_33224#
Extracting a_21298_33551#
Extracting a_21519_33551#
Extracting a_18354_33224#
Extracting a_18671_33224#
Extracting a_22218_33551#
Extracting a_22439_33551#
Extracting a_21298_33224#
Extracting a_21615_33224#
Extracting a_25162_33551#
Extracting a_25383_33551#
Extracting a_22218_33224#
Extracting a_22535_33224#
Extracting a_26082_33551#
Extracting a_26303_33551#
Extracting a_25162_33224#
Extracting a_25479_33224#
Extracting a_29026_33551#
Extracting a_29247_33551#
Extracting a_26082_33224#
Extracting a_26399_33224#
Extracting a_29946_33551#
Extracting a_30167_33551#
Extracting a_29026_33224#
Extracting a_29343_33224#
Extracting a_29946_33224#
Extracting a_30263_33224#
Extracting a_17243_33007#
Extracting a_17423_33007#
Extracting a_21107_33007#
Extracting a_21287_33007#
Extracting a_24971_33007#
Extracting a_25151_33007#
Extracting a_28835_33007#
Extracting a_29015_33007#
Extracting a_17513_32641#
Extracting a_21377_32641#
Extracting a_25241_32641#
Extracting a_29105_32641#
Extracting a_16626_26020#
Extracting a_14855_23023#
Extracting a_17050_26464#
Extracting a_18018_26020#
Extracting a_18442_26464#
Extracting a_19410_26020#
Extracting a_19834_26464#
Extracting a_10991_23023#
Extracting a_16754_24730#
Extracting a_18146_24730#
Extracting a_19538_24730#
Extracting a_16812_8642#
Extracting a_16626_22020#
Extracting a_17050_22464#
Extracting a_18018_22020#
Extracting a_18442_22464#
Extracting a_19410_22020#
Extracting a_19834_22464#
Extracting a_16754_20730#
Extracting a_18146_20730#
Extracting a_19538_20730#
Extracting a_16626_18020#
Extracting a_17050_18464#
Extracting a_18018_18020#
Extracting a_18442_18464#
Extracting a_19410_18020#
Extracting a_19834_18464#
Extracting a_16754_16730#
Extracting a_18146_16730#
Extracting a_19588_18020#
Extracting a_16626_14020#
Extracting a_17050_14464#
Extracting a_18018_14020#
Extracting a_18442_14464#
Extracting a_19410_14020#
Extracting a_19834_14464#
Extracting a_16804_14020#
Extracting a_18196_14020#
Extracting a_19588_14020#
Extracting a_16626_10020#
Extracting a_17050_10464#
Extracting a_18018_10020#
Extracting a_18442_10464#
Extracting a_19410_10020#
Extracting a_19834_10464#
Extracting a_16804_10020#
Extracting a_18196_10020#
Extracting a_19588_10020#
Extracting a_20490_26020#
Extracting a_20914_26464#
Extracting a_21882_26020#
Extracting a_22306_26464#
Extracting a_23274_26020#
Extracting a_23698_26464#
Extracting a_20618_24730#
Extracting a_22010_24730#
Extracting a_23402_24730#
Extracting a_20490_22020#
Extracting a_20914_22464#
Extracting a_21882_22020#
Extracting a_22306_22464#
Extracting a_23274_22020#
Extracting a_23698_22464#
Extracting a_20618_20730#
Extracting a_22010_20730#
Extracting a_23402_20730#
Extracting a_20490_18020#
Extracting a_20914_18464#
Extracting a_21882_18020#
Extracting a_22306_18464#
Extracting a_23274_18020#
Extracting a_23698_18464#
Extracting a_20618_16730#
Extracting a_22010_16730#
Extracting a_23452_18020#
Extracting a_20490_14020#
Extracting a_20914_14464#
Extracting a_21882_14020#
Extracting a_22306_14464#
Extracting a_23274_14020#
Extracting a_23698_14464#
Extracting a_20668_14020#
Extracting a_22060_14020#
Extracting a_23452_14020#
Extracting a_20490_10020#
Extracting a_20914_10464#
Extracting a_21882_10020#
Extracting a_22306_10464#
Extracting a_23274_10020#
Extracting a_23698_10464#
Extracting a_20668_10020#
Extracting a_22060_10020#
Extracting a_23452_10020#
Extracting a_24354_26020#
Extracting a_24778_26464#
Extracting a_25746_26020#
Extracting a_26170_26464#
Extracting a_27138_26020#
Extracting a_27562_26464#
Extracting a_24412_17932#
Extracting a_24482_24730#
Extracting a_25874_24730#
Extracting a_27266_24730#
Extracting a_24354_22020#
Extracting a_24778_22464#
Extracting a_25746_22020#
Extracting a_26170_22464#
Extracting a_27138_22020#
Extracting a_27562_22464#
Extracting a_24482_20730#
Extracting a_25874_20730#
Extracting a_27266_20730#
Extracting a_24354_18020#
Extracting a_24778_18464#
Extracting a_25746_18020#
Extracting a_26170_18464#
Extracting a_27138_18020#
Extracting a_27562_18464#
Extracting a_24482_16730#
Extracting a_25874_16730#
Extracting a_27316_18020#
Extracting a_24354_14020#
Extracting a_24778_14464#
Extracting a_25746_14020#
Extracting a_26170_14464#
Extracting a_27138_14020#
Extracting a_27562_14464#
Extracting a_24532_14020#
Extracting a_25924_14020#
Extracting a_27316_14020#
Extracting a_24354_10020#
Extracting a_24778_10464#
Extracting a_25746_10020#
Extracting a_26170_10464#
Extracting a_27138_10020#
Extracting a_27562_10464#
Extracting a_24532_10020#
Extracting a_25924_10020#
Extracting a_27316_10020#
Extracting a_28218_26020#
Extracting a_28642_26464#
Extracting a_29610_26020#
Extracting a_30034_26464#
Extracting a_31002_26020#
Extracting a_31426_26464#
Extracting a_28346_24730#
Extracting a_29738_24730#
Extracting a_31130_24730#
Extracting a_28218_22020#
Extracting a_28642_22464#
Extracting a_29610_22020#
Extracting a_30034_22464#
Extracting a_31002_22020#
Extracting a_31426_22464#
Extracting a_28346_20730#
Extracting a_29738_20730#
Extracting a_31130_20730#
Extracting a_28218_18020#
Extracting a_28642_18464#
Extracting a_29610_18020#
Extracting a_30034_18464#
Extracting a_31002_18020#
Extracting a_31426_18464#
Extracting a_28346_16730#
Extracting a_29738_16730#
Extracting a_31180_18020#
Extracting a_28218_14020#
Extracting a_28642_14464#
Extracting a_29610_14020#
Extracting a_30034_14464#
Extracting a_31002_14020#
Extracting a_31426_14464#
Extracting a_28396_14020#
Extracting a_29788_14020#
Extracting a_31180_14020#
Extracting a_28218_10020#
Extracting a_28642_10464#
Extracting a_29610_10020#
Extracting a_30034_10464#
Extracting a_31002_10020#
Extracting a_31426_10464#
Extracting a_28396_10020#
Extracting a_29788_10020#
Extracting a_31180_10020#
Total Nets: 3088
Nets extracted: 3053 (0.988666)
Nets output: 3053 (0.988666)
exttospice finished.
exttospice finished.
V3_ANALOG_INPUT_BASE_SPICE_i1=/home/jason-stone/tinytapeout-beamformer-v2-routefix/build/v3/analog_input_escapes/rc/input_i1_base.spice
V3_ANALOG_INPUT_RC_SPICE_i1=/home/jason-stone/tinytapeout-beamformer-v2-routefix/build/v3/analog_input_escapes/rc/input_i1_rc.spice
V3_ANALOG_INPUT_RES_EXT_i1=/home/jason-stone/tinytapeout-beamformer-v2-routefix/build/v3/analog_input_escapes/rc/v3_analog_input_rc_i1.res.ext
Root cell box:
           width x height  (   llx,  lly  ), (   urx,  ury  )  area (units^2)

microns:  334.880 x 225.760  ( 0.000,  0.000), ( 334.880,  225.760)  75602.500 
lambda:   33488.00 x 22576.00  (  0.00,  0.00 ), ( 33488.00,  22576.00)  756025088.00
internal:  66976 x 45152   (     0,  0    ), ( 66976,  45152)  3024100352
Root cell box:
           width x height  (   llx,  lly  ), (   urx,  ury  )

microns:   0.000 x 0.000   ( 113.620,  0.500), ( 113.620,  0.500)
lambda:     0.00 x 0.00    ( 11362.00,  50.00), ( 11362.00,  50.00)
internal:      0 x 0       ( 22724,  100  ), ( 22724,  100  )
Moving label "res:drive@" from space to via3 in cell v3_analog_input_rc_i2.
Moving label "res:force@" from space to via3 in cell v3_analog_input_rc_i2.
DRC style is now "drc(full)"
V3_ANALOG_INPUT_RC_DRC_COUNT_i2=0
Processing v3_analog_input_rc_i2
Extracting v3_analog_input_rc_i2 into v3_analog_input_rc_i2.ext:
v3_analog_input_rc_i2: 36 warnings
Total of 36 warnings.
V3_ANALOG_INPUT_RC_EXTRACTION_FEEDBACK_COUNT_i2=36
exttosim finished.
Root cell box:
           width x height  (   llx,  lly  ), (   urx,  ury  )  area (units^2)

microns:  334.880 x 225.760  ( 0.000,  0.000), ( 334.880,  225.760)  75602.500 
lambda:   33488.00 x 22576.00  (  0.00,  0.00 ), ( 33488.00,  22576.00)  756025088.00
internal:  66976 x 45152   (     0,  0    ), ( 66976,  45152)  3024100352
Note:  This option has been deprecated and is unused.
Extracting a_4129_22466#
Extracting w_16994_32855#
Extracting a_37747_43023#
Extracting a_38483_43023#
Extracting a_37913_43023#
Extracting a_38649_43023#
Extracting a_36385_38127#
Extracting a_39127_43023#
Extracting a_38285_42479#
Extracting a_39293_43023#
Extracting a_39861_43265#
Extracting a_39947_42997#
Extracting a_39643_43023#
Extracting a_40383_42997#
Extracting a_40208_43023#
Extracting a_41231_42997#
Extracting a_39548_43023#
Extracting a_39751_43389#
Extracting a_40370_43389#
Extracting a_39739_43023#
Extracting a_39905_43023#
Extracting a_36956_35095#
Extracting a_38005_41391#
Extracting a_42163_43023#
Extracting a_42329_43023#
Extracting a_42897_43265#
Extracting a_40379_35551#
Extracting a_42679_43023#
Extracting a_43419_42997#
Extracting a_43244_43023#
Extracting a_42584_43023#
Extracting a_42787_43389#
Extracting a_40317_43023#
Extracting a_40562_43023#
Extracting a_43406_43389#
Extracting a_42775_43023#
Extracting a_42941_43023#
Extracting a_42467_42650#
Extracting a_44095_43023#
Extracting a_44261_43023#
Extracting a_44829_43265#
Extracting a_44611_43023#
Extracting a_45351_42997#
Extracting a_45176_43023#
Extracting a_44516_43023#
Extracting a_44719_43389#
Extracting a_43353_43023#
Extracting a_43598_43023#
Extracting a_45338_43389#
Extracting a_44707_43023#
Extracting a_44873_43023#
Extracting a_44399_42650#
Extracting a_46027_43023#
Extracting a_46193_43023#
Extracting a_46761_43265#
Extracting a_46543_43023#
Extracting a_47283_42997#
Extracting a_47108_43023#
Extracting a_47959_43023#
Extracting a_46448_43023#
Extracting a_46651_43389#
Extracting a_45285_43023#
Extracting a_45530_43023#
Extracting a_47270_43389#
Extracting a_46639_43023#
Extracting a_46805_43023#
Extracting a_46331_42650#
Extracting a_48125_43023#
Extracting a_47217_43023#
Extracting a_47462_43023#
Extracting a_36999_42453#
Extracting a_37085_35951#
Extracting a_37605_42518#
Extracting a_37042_34863#
Extracting a_37859_42518#
Extracting a_38532_42711#
Extracting a_38005_40847#
Extracting a_38740_42747#
Extracting a_37851_36647#
Extracting a_38961_42777#
Extracting a_39544_42711#
Extracting a_37029_38127#
Extracting a_39752_42747#
Extracting a_39759_42492#
Extracting a_39973_42777#
Extracting a_40495_42453#
Extracting a_41519_42479#
Extracting a_37029_42479#
Extracting a_42163_42485#
Extracting a_42329_42485#
Extracting a_42897_42453#
Extracting a_42679_42857#
Extracting a_43419_42783#
Extracting a_43244_42857#
Extracting a_44095_42485#
Extracting a_44261_42485#
Extracting a_44829_42453#
Extracting a_44611_42857#
Extracting a_45351_42783#
Extracting a_45176_42857#
Extracting a_46027_42485#
Extracting a_46193_42485#
Extracting a_46761_42453#
Extracting a_46543_42857#
Extracting a_47283_42783#
Extracting a_47108_42857#
Extracting a_49483_42453#
Extracting a_49686_42611#
Extracting a_50003_42721#
Extracting a_49964_42595#
Extracting a_50159_42453#
Extracting a_50090_42479#
Extracting a_50784_42453#
Extracting a_51412_42711#
Extracting a_48677_39759#
Extracting a_51620_42747#
Extracting a_51841_42777#
Extracting a_52335_42453#
Extracting a_52538_42611#
Extracting a_48125_41935#
Extracting a_52855_42721#
Extracting a_52816_42595#
Extracting a_53011_42453#
Extracting a_52942_42479#
Extracting a_53636_42453#
Extracting a_54264_42711#
Extracting a_36661_41391#
Extracting a_54479_42492#
Extracting a_54693_42777#
Extracting a_56843_42453#
Extracting a_57046_42611#
Extracting a_57363_42721#
Extracting a_57324_42595#
Extracting a_57519_42453#
Extracting a_57450_42479#
Extracting a_58144_42453#
Extracting a_58772_42711#
Extracting a_59201_42777#
Extracting a_59695_42453#
Extracting a_59898_42611#
Extracting a_60215_42721#
Extracting a_60176_42595#
Extracting a_60371_42453#
Extracting a_60302_42479#
Extracting a_60996_42453#
Extracting a_61624_42711#
Extracting a_62053_42777#
Extracting a_37859_42845#
Extracting a_38080_42845#
Extracting a_17388_36681#
Extracting a_38674_42845#
Extracting a_38895_42845#
Extracting a_17204_37145#
Extracting a_37787_42518#
Extracting a_38073_42518#
Extracting a_39686_42845#
Extracting a_39907_42845#
Extracting a_38674_42518#
Extracting a_38991_42518#
Extracting a_41685_42479#
Extracting a_42584_42845#
Extracting a_42775_42857#
Extracting a_39686_42518#
Extracting a_40003_42518#
Extracting a_42941_42845#
Extracting a_43353_42857#
Extracting a_43598_42845#
Extracting a_42787_42479#
Extracting a_36447_40849#
Extracting a_44516_42845#
Extracting a_44707_42857#
Extracting a_43406_42479#
Extracting a_44873_42845#
Extracting a_45285_42857#
Extracting a_45530_42845#
Extracting a_44719_42479#
Extracting a_41224_41659#
Extracting a_46448_42845#
Extracting a_46639_42857#
Extracting a_45338_42479#
Extracting a_46805_42845#
Extracting a_47217_42857#
Extracting a_47462_42845#
Extracting a_46651_42479#
Extracting a_42696_37557#
Extracting a_49721_42845#
Extracting a_49961_42845#
Extracting a_47270_42479#
Extracting a_50397_42845#
Extracting a_50469_42845#
Extracting a_50722_42479#
Extracting a_49920_42479#
Extracting a_51554_42845#
Extracting a_51775_42845#
Extracting a_50304_42479#
Extracting a_52573_42845#
Extracting a_52813_42845#
Extracting a_51554_42518#
Extracting a_51871_42518#
Extracting a_53249_42845#
Extracting a_53321_42845#
Extracting a_53574_42479#
Extracting a_52772_42479#
Extracting a_54406_42845#
Extracting a_54627_42845#
Extracting a_53156_42479#
Extracting a_57081_42845#
Extracting a_57321_42845#
Extracting a_54406_42518#
Extracting a_54723_42518#
Extracting a_57757_42845#
Extracting a_57829_42845#
Extracting a_58082_42479#
Extracting a_57280_42479#
Extracting a_58914_42845#
Extracting a_59135_42845#
Extracting a_57664_42479#
Extracting a_59933_42845#
Extracting a_60173_42845#
Extracting a_58914_42518#
Extracting a_59231_42518#
Extracting a_60609_42845#
Extracting a_60681_42845#
Extracting a_60934_42479#
Extracting a_60132_42479#
Extracting a_61766_42845#
Extracting a_61987_42845#
Extracting a_60516_42479#
Extracting a_61766_42518#
Extracting a_62083_42518#
Extracting a_37747_41935#
Extracting a_38532_42087#
Extracting a_39544_42087#
Extracting a_40469_41909#
Extracting a_41108_42087#
Extracting a_37913_41935#
Extracting a_17388_35593#
Extracting a_17204_36057#
Extracting a_38089_40623#
Extracting a_38740_41909#
Extracting a_38961_41909#
Extracting a_38674_42262#
Extracting a_38991_42262#
Extracting a_39759_41129#
Extracting a_39752_41909#
Extracting a_39973_41909#
Extracting a_39686_42262#
Extracting a_40003_42262#
Extracting a_40304_34293#
Extracting a_38674_41935#
Extracting a_38895_41935#
Extracting a_41059_41935#
Extracting a_40639_42087#
Extracting a_37795_40535#
Extracting a_40597_42185#
Extracting a_42163_41935#
Extracting a_42329_41935#
Extracting a_42897_42177#
Extracting a_42679_41935#
Extracting a_43419_41909#
Extracting a_43244_41935#
Extracting a_38285_34863#
Extracting a_41316_41909#
Extracting a_41537_41909#
Extracting a_41250_42262#
Extracting a_41567_42262#
Extracting a_39686_41935#
Extracting a_39907_41935#
Extracting a_42584_41935#
Extracting a_42787_42301#
Extracting a_41250_41935#
Extracting a_41471_41935#
Extracting a_43406_42301#
Extracting a_42775_41935#
Extracting a_42941_41935#
Extracting a_42467_41562#
Extracting a_44095_41935#
Extracting a_44261_41935#
Extracting a_44829_42177#
Extracting a_44611_41935#
Extracting a_45351_41909#
Extracting a_45176_41935#
Extracting a_44516_41935#
Extracting a_44719_42301#
Extracting a_43353_41935#
Extracting a_43598_41935#
Extracting a_45338_42301#
Extracting a_44707_41935#
Extracting a_44873_41935#
Extracting a_44399_41562#
Extracting a_46027_41935#
Extracting a_46193_41935#
Extracting a_46761_42177#
Extracting a_46543_41935#
Extracting a_47283_41909#
Extracting a_47108_41935#
Extracting a_47959_41935#
Extracting a_49483_41909#
Extracting a_49686_42187#
Extracting a_49964_42203#
Extracting a_50003_42077#
Extracting a_50159_42172#
Extracting a_50090_42301#
Extracting a_50784_42184#
Extracting a_46448_41935#
Extracting a_46651_42301#
Extracting a_45285_41935#
Extracting a_45530_41935#
Extracting a_47270_42301#
Extracting a_46639_41935#
Extracting a_46805_41935#
Extracting a_46331_41562#
Extracting a_49920_42301#
Extracting a_47217_41935#
Extracting a_47462_41935#
Extracting a_50304_42301#
Extracting a_50722_42301#
Extracting a_51412_42087#
Extracting a_52579_42262#
Extracting a_49721_41935#
Extracting a_49961_41935#
Extracting a_50397_41935#
Extracting a_50469_41935#
Extracting a_51620_41909#
Extracting a_51841_41909#
Extracting a_52325_42262#
Extracting a_51554_42262#
Extracting a_51871_42262#
Extracting a_52507_42262#
Extracting a_52793_42262#
Extracting a_53005_41935#
Extracting a_53203_41935#
Extracting a_53369_41935#
Extracting a_53937_42177#
Extracting a_53719_41935#
Extracting a_54459_41909#
Extracting a_54284_41935#
Extracting a_56843_41909#
Extracting a_57046_42187#
Extracting a_57324_42203#
Extracting a_57363_42077#
Extracting a_57519_42172#
Extracting a_57450_42301#
Extracting a_58144_42184#
Extracting a_53624_41935#
Extracting a_53827_42301#
Extracting a_51554_41935#
Extracting a_51775_41935#
Extracting a_52579_41935#
Extracting a_52800_41935#
Extracting a_54446_42301#
Extracting a_53815_41935#
Extracting a_53981_41935#
Extracting a_57280_42301#
Extracting a_54393_41935#
Extracting a_54638_41935#
Extracting a_57664_42301#
Extracting a_58082_42301#
Extracting a_58772_42087#
Extracting a_59939_42262#
Extracting a_57081_41935#
Extracting a_57321_41935#
Extracting a_57757_41935#
Extracting a_57829_41935#
Extracting a_58980_41909#
Extracting a_59201_41909#
Extracting a_59685_42262#
Extracting a_58914_42262#
Extracting a_59231_42262#
Extracting a_59867_42262#
Extracting a_60153_42262#
Extracting a_60365_41935#
Extracting a_60563_41935#
Extracting a_60729_41935#
Extracting a_61297_42177#
Extracting a_61079_41935#
Extracting a_61819_41909#
Extracting a_61644_41935#
Extracting a_60984_41935#
Extracting a_61187_42301#
Extracting a_58914_41935#
Extracting a_59135_41935#
Extracting a_59939_41935#
Extracting a_60160_41935#
Extracting a_61806_42301#
Extracting a_61175_41935#
Extracting a_61341_41935#
Extracting a_61753_41935#
Extracting a_61998_41935#
Extracting a_36631_41365#
Extracting a_37195_41391#
Extracting a_37839_41391#
Extracting a_38532_41623#
Extracting a_38740_41659#
Extracting a_38961_41689#
Extracting a_39544_41623#
Extracting a_39752_41659#
Extracting a_38285_37039#
Extracting a_39973_41689#
Extracting a_41016_41623#
Extracting a_41445_41689#
Extracting a_42163_41397#
Extracting a_42329_41397#
Extracting a_42897_41365#
Extracting a_42679_41769#
Extracting a_43419_41695#
Extracting a_43244_41769#
Extracting a_44095_41397#
Extracting a_44261_41397#
Extracting a_44829_41365#
Extracting a_44611_41769#
Extracting a_45351_41695#
Extracting a_45176_41769#
Extracting a_46027_41397#
Extracting a_46193_41397#
Extracting a_46761_41365#
Extracting a_46543_41769#
Extracting a_47283_41695#
Extracting a_47108_41769#
Extracting a_49483_41365#
Extracting a_49686_41523#
Extracting a_50003_41633#
Extracting a_49964_41507#
Extracting a_50159_41365#
Extracting a_50090_41391#
Extracting a_50784_41365#
Extracting a_51412_41623#
Extracting a_51620_41659#
Extracting a_51841_41689#
Extracting a_52335_41365#
Extracting a_52538_41523#
Extracting a_52855_41633#
Extracting a_52816_41507#
Extracting a_53011_41365#
Extracting a_52942_41391#
Extracting a_53636_41365#
Extracting a_54264_41623#
Extracting a_54479_41404#
Extracting a_54693_41689#
Extracting a_56916_41623#
Extracting a_57012_41365#
Extracting a_57148_41391#
Extracting a_57472_41669#
Extracting a_57556_41365#
Extracting a_57640_41705#
Extracting a_57776_41757#
Extracting a_58298_41621#
Extracting a_58864_41623#
Extracting a_59293_41689#
Extracting a_59860_41623#
Extracting a_59956_41365#
Extracting a_60092_41391#
Extracting a_60416_41669#
Extracting a_60500_41365#
Extracting a_60584_41705#
Extracting a_60720_41757#
Extracting a_61242_41621#
Extracting a_61808_41623#
Extracting a_62237_41689#
Extracting a_37361_41391#
Extracting a_17388_34505#
Extracting a_38674_41757#
Extracting a_38895_41757#
Extracting a_17204_34969#
Extracting a_39686_41757#
Extracting a_39907_41757#
Extracting a_38674_41430#
Extracting a_38991_41430#
Extracting a_40967_41391#
Extracting a_41158_41757#
Extracting a_41379_41757#
Extracting a_39686_41430#
Extracting a_40003_41430#
Extracting a_42584_41757#
Extracting a_42775_41769#
Extracting a_42941_41757#
Extracting a_41158_41430#
Extracting a_41475_41430#
Extracting a_43353_41769#
Extracting a_43598_41757#
Extracting a_42787_41391#
Extracting a_41141_40316#
Extracting a_44516_41757#
Extracting a_44707_41769#
Extracting a_43406_41391#
Extracting a_44873_41757#
Extracting a_45285_41769#
Extracting a_45530_41757#
Extracting a_44719_41391#
Extracting a_46448_41757#
Extracting a_46639_41769#
Extracting a_45338_41391#
Extracting a_46805_41757#
Extracting a_47217_41769#
Extracting a_47462_41757#
Extracting a_46651_41391#
Extracting a_41751_34471#
Extracting a_49721_41757#
Extracting a_49961_41757#
Extracting a_47270_41391#
Extracting a_50397_41757#
Extracting a_50469_41757#
Extracting a_50722_41391#
Extracting a_49920_41391#
Extracting a_51554_41757#
Extracting a_51775_41757#
Extracting a_50304_41391#
Extracting a_52573_41757#
Extracting a_52813_41757#
Extracting a_51554_41430#
Extracting a_51871_41430#
Extracting a_53249_41757#
Extracting a_53321_41757#
Extracting a_53574_41391#
Extracting a_52772_41391#
Extracting a_54406_41757#
Extracting a_54627_41757#
Extracting a_53156_41391#
Extracting a_57354_41757#
Extracting a_57430_41757#
Extracting a_57598_41757#
Extracting a_57858_41757#
Extracting a_58044_41757#
Extracting a_58248_41391#
Extracting a_54406_41430#
Extracting a_54723_41430#
Extracting a_59006_41757#
Extracting a_59227_41757#
Extracting a_57514_41391#
Extracting a_57694_41391#
Extracting a_58044_41391#
Extracting a_60298_41757#
Extracting a_60374_41757#
Extracting a_60542_41757#
Extracting a_60802_41757#
Extracting a_60988_41757#
Extracting a_61192_41391#
Extracting a_59006_41430#
Extracting a_59323_41430#
Extracting a_61950_41757#
Extracting a_62171_41757#
Extracting a_60458_41391#
Extracting a_60638_41391#
Extracting a_60988_41391#
Extracting a_61950_41430#
Extracting a_62267_41430#
Extracting a_36307_40875#
Extracting a_37335_37557#
Extracting a_37839_40847#
Extracting a_38532_40999#
Extracting a_39544_40999#
Extracting a_40464_40999#
Extracting a_41343_41097#
Extracting a_17500_33453#
Extracting a_36585_40847#
Extracting a_17388_33417#
Extracting a_17204_33881#
Extracting a_38740_40821#
Extracting a_38961_40821#
Extracting a_38674_41174#
Extracting a_38991_41174#
Extracting a_36393_40875#
Extracting a_39752_40821#
Extracting a_39973_40821#
Extracting a_39686_41174#
Extracting a_40003_41174#
Extracting a_38674_40847#
Extracting a_38895_40847#
Extracting a_37661_37052#
Extracting a_37579_34319#
Extracting a_40893_40821#
Extracting a_40606_41174#
Extracting a_40923_41174#
Extracting a_39686_40847#
Extracting a_39907_40847#
Extracting a_41425_41097#
Extracting a_41593_41097#
Extracting a_41677_40847#
Extracting a_42163_40847#
Extracting a_42329_40847#
Extracting a_42897_41089#
Extracting a_42679_40847#
Extracting a_43419_40821#
Extracting a_43244_40847#
Extracting a_42584_40847#
Extracting a_42787_41213#
Extracting a_40606_40847#
Extracting a_40827_40847#
Extracting a_41593_40847#
Extracting a_43406_41213#
Extracting a_42775_40847#
Extracting a_42941_40847#
Extracting a_42467_40474#
Extracting a_44095_40847#
Extracting a_44261_40847#
Extracting a_44829_41089#
Extracting a_44611_40847#
Extracting a_45351_40821#
Extracting a_45176_40847#
Extracting a_44516_40847#
Extracting a_44719_41213#
Extracting a_43353_40847#
Extracting a_43598_40847#
Extracting a_45338_41213#
Extracting a_44707_40847#
Extracting a_44873_40847#
Extracting a_44399_40474#
Extracting a_46027_40847#
Extracting a_46193_40847#
Extracting a_46761_41089#
Extracting a_46543_40847#
Extracting a_47283_40821#
Extracting a_47108_40847#
Extracting a_49483_40821#
Extracting a_49686_41099#
Extracting a_49964_41115#
Extracting a_50003_40989#
Extracting a_50159_41084#
Extracting a_50090_41213#
Extracting a_50784_41096#
Extracting a_46448_40847#
Extracting a_46651_41213#
Extracting a_45285_40847#
Extracting a_45530_40847#
Extracting a_47270_41213#
Extracting a_46639_40847#
Extracting a_46805_40847#
Extracting a_46331_40474#
Extracting a_49920_41213#
Extracting a_47217_40847#
Extracting a_47462_40847#
Extracting a_50304_41213#
Extracting a_50722_41213#
Extracting a_51412_40999#
Extracting a_52579_41174#
Extracting a_49721_40847#
Extracting a_49961_40847#
Extracting a_50397_40847#
Extracting a_50469_40847#
Extracting a_51620_40821#
Extracting a_51841_40821#
Extracting a_52325_41174#
Extracting a_51554_41174#
Extracting a_51871_41174#
Extracting a_52507_41174#
Extracting a_52793_41174#
Extracting a_53005_40847#
Extracting a_53203_40847#
Extracting a_53369_40847#
Extracting a_53937_41089#
Extracting a_53719_40847#
Extracting a_54459_40821#
Extracting a_54284_40847#
Extracting a_56843_40821#
Extracting a_57046_41099#
Extracting a_57324_41115#
Extracting a_57363_40989#
Extracting a_57519_41084#
Extracting a_57450_41213#
Extracting a_58144_41096#
Extracting a_53624_40847#
Extracting a_53827_41213#
Extracting a_51554_40847#
Extracting a_51775_40847#
Extracting a_52579_40847#
Extracting a_52800_40847#
Extracting a_54446_41213#
Extracting a_53815_40847#
Extracting a_53981_40847#
Extracting a_57280_41213#
Extracting a_54393_40847#
Extracting a_54638_40847#
Extracting a_57664_41213#
Extracting a_58082_41213#
Extracting a_58772_40999#
Extracting a_59939_41174#
Extracting a_57081_40847#
Extracting a_57321_40847#
Extracting a_57757_40847#
Extracting a_57829_40847#
Extracting a_58980_40821#
Extracting a_59201_40821#
Extracting a_59685_41174#
Extracting a_58914_41174#
Extracting a_59231_41174#
Extracting a_59867_41174#
Extracting a_60153_41174#
Extracting a_60365_40847#
Extracting a_60563_40847#
Extracting a_60729_40847#
Extracting a_61297_41089#
Extracting a_61079_40847#
Extracting a_61819_40821#
Extracting a_61644_40847#
Extracting a_60984_40847#
Extracting a_61187_41213#
Extracting a_58914_40847#
Extracting a_59135_40847#
Extracting a_59939_40847#
Extracting a_60160_40847#
Extracting a_61806_41213#
Extracting a_61175_40847#
Extracting a_61341_40847#
Extracting a_61753_40847#
Extracting a_61998_40847#
Extracting a_18427_33198#
Extracting a_37183_40277#
Extracting a_37755_40303#
Extracting a_38532_40535#
Extracting a_38740_40571#
Extracting a_38961_40601#
Extracting a_39544_40535#
Extracting a_39752_40571#
Extracting a_39973_40601#
Extracting a_40917_40342#
Extracting a_41171_40342#
Extracting a_42163_40309#
Extracting a_42329_40309#
Extracting a_42897_40277#
Extracting a_42679_40681#
Extracting a_43419_40607#
Extracting a_43244_40681#
Extracting a_44095_40309#
Extracting a_44261_40309#
Extracting a_44829_40277#
Extracting a_44611_40681#
Extracting a_45351_40607#
Extracting a_45176_40681#
Extracting a_46027_40309#
Extracting a_46193_40309#
Extracting a_46761_40277#
Extracting a_46543_40681#
Extracting a_47283_40607#
Extracting a_47108_40681#
Extracting a_49483_40277#
Extracting a_49686_40435#
Extracting a_50003_40545#
Extracting a_49964_40419#
Extracting a_50159_40277#
Extracting a_50090_40303#
Extracting a_50784_40277#
Extracting a_51412_40535#
Extracting a_51620_40571#
Extracting a_51841_40601#
Extracting a_52335_40277#
Extracting a_52538_40435#
Extracting a_52855_40545#
Extracting a_52816_40419#
Extracting a_53011_40277#
Extracting a_52942_40303#
Extracting a_53636_40277#
Extracting a_54264_40535#
Extracting a_54479_40316#
Extracting a_54693_40601#
Extracting a_56843_40277#
Extracting a_57046_40435#
Extracting a_57363_40545#
Extracting a_57324_40419#
Extracting a_57519_40277#
Extracting a_57450_40303#
Extracting a_58144_40277#
Extracting a_58772_40535#
Extracting a_59201_40601#
Extracting a_59695_40277#
Extracting a_59898_40435#
Extracting a_60215_40545#
Extracting a_60176_40419#
Extracting a_60371_40277#
Extracting a_60302_40303#
Extracting a_60996_40277#
Extracting a_61624_40535#
Extracting a_62053_40601#
Extracting a_17507_33198#
Extracting a_36607_39455#
Extracting a_38005_40623#
Extracting a_21252_36681#
Extracting a_38674_40669#
Extracting a_38895_40669#
Extracting a_21068_37145#
Extracting a_37837_40303#
Extracting a_38005_40303#
Extracting a_39686_40669#
Extracting a_39907_40669#
Extracting a_38674_40342#
Extracting a_38991_40342#
Extracting a_41171_40669#
Extracting a_41392_40669#
Extracting a_39686_40342#
Extracting a_40003_40342#
Extracting a_40811_37796#
Extracting a_42584_40669#
Extracting a_42775_40681#
Extracting a_41099_40342#
Extracting a_41385_40342#
Extracting a_42941_40669#
Extracting a_43353_40681#
Extracting a_43598_40669#
Extracting a_42787_40303#
Extracting a_36875_38823#
Extracting a_44516_40669#
Extracting a_44707_40681#
Extracting a_43406_40303#
Extracting a_44873_40669#
Extracting a_45285_40681#
Extracting a_45530_40669#
Extracting a_44719_40303#
Extracting a_44327_39447#
Extracting a_46448_40669#
Extracting a_46639_40681#
Extracting a_45338_40303#
Extracting a_46805_40669#
Extracting a_47217_40681#
Extracting a_47462_40669#
Extracting a_46651_40303#
Extracting a_44327_38359#
Extracting a_49721_40669#
Extracting a_49961_40669#
Extracting a_47270_40303#
Extracting a_50397_40669#
Extracting a_50469_40669#
Extracting a_50722_40303#
Extracting a_49920_40303#
Extracting a_51554_40669#
Extracting a_51775_40669#
Extracting a_50304_40303#
Extracting a_52573_40669#
Extracting a_52813_40669#
Extracting a_51554_40342#
Extracting a_51871_40342#
Extracting a_53249_40669#
Extracting a_53321_40669#
Extracting a_53574_40303#
Extracting a_52772_40303#
Extracting a_54406_40669#
Extracting a_54627_40669#
Extracting a_53156_40303#
Extracting a_57081_40669#
Extracting a_57321_40669#
Extracting a_54406_40342#
Extracting a_54723_40342#
Extracting a_57757_40669#
Extracting a_57829_40669#
Extracting a_58082_40303#
Extracting a_57280_40303#
Extracting a_58914_40669#
Extracting a_59135_40669#
Extracting a_57664_40303#
Extracting a_59933_40669#
Extracting a_60173_40669#
Extracting a_58914_40342#
Extracting a_59231_40342#
Extracting a_60609_40669#
Extracting a_60681_40669#
Extracting a_60934_40303#
Extracting a_60132_40303#
Extracting a_61766_40669#
Extracting a_61987_40669#
Extracting a_60516_40303#
Extracting a_61766_40342#
Extracting a_62083_40342#
Extracting a_36327_39733#
Extracting a_36530_40011#
Extracting a_36808_40027#
Extracting a_36847_39901#
Extracting a_37003_39996#
Extracting a_36934_40125#
Extracting a_36721_37039#
Extracting a_36764_40125#
Extracting a_37148_40125#
Extracting a_37566_40125#
Extracting a_38532_39911#
Extracting a_39544_39911#
Extracting a_40467_39733#
Extracting a_40670_40011#
Extracting a_40948_40027#
Extracting a_40987_39901#
Extracting a_41143_39996#
Extracting a_41074_40125#
Extracting a_41768_40008#
Extracting a_36565_39759#
Extracting a_36805_39759#
Extracting a_21252_35593#
Extracting a_37241_39759#
Extracting a_37313_39759#
Extracting a_21068_36057#
Extracting a_38740_39733#
Extracting a_38961_39733#
Extracting a_38674_40086#
Extracting a_38991_40086#
Extracting a_39752_39733#
Extracting a_39973_39733#
Extracting a_39686_40086#
Extracting a_40003_40086#
Extracting a_38674_39759#
Extracting a_38895_39759#
Extracting a_40904_40125#
Extracting a_39686_39759#
Extracting a_39907_39759#
Extracting a_41288_40125#
Extracting a_41706_40125#
Extracting a_42347_39759#
Extracting a_42149_37039#
Extracting a_42513_39759#
Extracting a_43081_40001#
Extracting a_42863_39759#
Extracting a_43603_39733#
Extracting a_43428_39759#
Extracting a_44339_39944#
Extracting a_45095_39733#
Extracting a_45431_39733#
Extracting a_46027_39759#
Extracting a_48511_39759#
Extracting a_49483_39733#
Extracting a_49686_40011#
Extracting a_49964_40027#
Extracting a_50003_39901#
Extracting a_50159_39996#
Extracting a_50090_40125#
Extracting a_50784_40008#
Extracting a_40705_39759#
Extracting a_40945_39759#
Extracting a_42768_39759#
Extracting a_42971_40125#
Extracting a_41381_39759#
Extracting a_41453_39759#
Extracting a_43590_40125#
Extracting a_42959_39759#
Extracting a_43125_39759#
Extracting a_42613_36724#
Extracting a_43432_35381#
Extracting a_44369_40009#
Extracting a_44725_40009#
Extracting a_43918_36041#
Extracting a_46193_39759#
Extracting a_49920_40125#
Extracting a_43537_39759#
Extracting a_43782_39759#
Extracting a_44557_39759#
Extracting a_50304_40125#
Extracting a_50722_40125#
Extracting a_51412_39911#
Extracting a_52579_40086#
Extracting a_49721_39759#
Extracting a_49961_39759#
Extracting a_50397_39759#
Extracting a_50469_39759#
Extracting a_51620_39733#
Extracting a_51841_39733#
Extracting a_52325_40086#
Extracting a_51554_40086#
Extracting a_51871_40086#
Extracting a_52507_40086#
Extracting a_52793_40086#
Extracting a_53005_39759#
Extracting a_53203_39759#
Extracting a_53369_39759#
Extracting a_53937_40001#
Extracting a_53719_39759#
Extracting a_54459_39733#
Extracting a_54284_39759#
Extracting a_56843_39733#
Extracting a_57046_40011#
Extracting a_57324_40027#
Extracting a_57363_39901#
Extracting a_57519_39996#
Extracting a_57450_40125#
Extracting a_58144_40008#
Extracting a_53624_39759#
Extracting a_53827_40125#
Extracting a_51554_39759#
Extracting a_51775_39759#
Extracting a_52579_39759#
Extracting a_52800_39759#
Extracting a_54446_40125#
Extracting a_53815_39759#
Extracting a_53981_39759#
Extracting a_57280_40125#
Extracting a_54393_39759#
Extracting a_54638_39759#
Extracting a_57664_40125#
Extracting a_58082_40125#
Extracting a_58772_39911#
Extracting a_59939_40086#
Extracting a_57081_39759#
Extracting a_57321_39759#
Extracting a_57757_39759#
Extracting a_57829_39759#
Extracting a_58980_39733#
Extracting a_59201_39733#
Extracting a_59685_40086#
Extracting a_58914_40086#
Extracting a_59231_40086#
Extracting a_59867_40086#
Extracting a_60153_40086#
Extracting a_60365_39759#
Extracting a_60563_39759#
Extracting a_60729_39759#
Extracting a_61297_40001#
Extracting a_61079_39759#
Extracting a_61819_39733#
Extracting a_61644_39759#
Extracting a_60984_39759#
Extracting a_61187_40125#
Extracting a_58914_39759#
Extracting a_59135_39759#
Extracting a_59939_39759#
Extracting a_60160_39759#
Extracting a_61806_40125#
Extracting a_61175_39759#
Extracting a_61341_39759#
Extracting a_61753_39759#
Extracting a_61998_39759#
Extracting a_36327_39189#
Extracting a_36530_39347#
Extracting a_36847_39457#
Extracting a_36808_39331#
Extracting a_37003_39189#
Extracting a_36934_39215#
Extracting a_37029_37039#
Extracting a_38532_39447#
Extracting a_38740_39483#
Extracting a_38961_39513#
Extracting a_39544_39447#
Extracting a_39752_39483#
Extracting a_39759_39228#
Extracting a_39973_39513#
Extracting a_40467_39189#
Extracting a_40670_39347#
Extracting a_40987_39457#
Extracting a_40948_39331#
Extracting a_41143_39189#
Extracting a_41074_39215#
Extracting a_42347_39221#
Extracting a_42651_39386#
Extracting a_42513_39221#
Extracting a_43081_39189#
Extracting a_42863_39593#
Extracting a_43603_39519#
Extracting a_43428_39593#
Extracting a_36425_35381#
Extracting a_44287_39215#
Extracting a_37639_36495#
Extracting a_45015_39215#
Extracting a_42347_38127#
Extracting a_45195_39215#
Extracting a_45719_39447#
Extracting a_46289_39447#
Extracting a_44621_38447#
Extracting a_44621_39535#
Extracting a_49483_39189#
Extracting a_49686_39347#
Extracting a_50003_39457#
Extracting a_49964_39331#
Extracting a_50159_39189#
Extracting a_50090_39215#
Extracting a_50784_39189#
Extracting a_51412_39447#
Extracting a_51620_39483#
Extracting a_51841_39513#
Extracting a_52335_39189#
Extracting a_52538_39347#
Extracting a_52855_39457#
Extracting a_52816_39331#
Extracting a_53011_39189#
Extracting a_52942_39215#
Extracting a_53636_39189#
Extracting a_54264_39447#
Extracting a_54479_39228#
Extracting a_54693_39513#
Extracting a_56916_39447#
Extracting a_57012_39189#
Extracting a_57148_39215#
Extracting a_57472_39493#
Extracting a_57556_39189#
Extracting a_57640_39529#
Extracting a_57776_39581#
Extracting a_58298_39445#
Extracting a_58864_39447#
Extracting a_59293_39513#
Extracting a_59860_39447#
Extracting a_59956_39189#
Extracting a_60092_39215#
Extracting a_60416_39493#
Extracting a_60500_39189#
Extracting a_60584_39529#
Extracting a_60720_39581#
Extracting a_61242_39445#
Extracting a_61808_39447#
Extracting a_62237_39513#
Extracting a_36565_39581#
Extracting a_36805_39581#
Extracting a_37241_39581#
Extracting a_37313_39581#
Extracting a_37566_39215#
Extracting a_36764_39215#
Extracting a_21252_34505#
Extracting a_38674_39581#
Extracting a_38895_39581#
Extracting a_21068_34969#
Extracting a_37148_39215#
Extracting a_39686_39581#
Extracting a_39907_39581#
Extracting a_38674_39254#
Extracting a_38991_39254#
Extracting a_40705_39581#
Extracting a_40945_39581#
Extracting a_39686_39254#
Extracting a_40003_39254#
Extracting a_41381_39581#
Extracting a_41453_39581#
Extracting a_41706_39215#
Extracting a_40904_39215#
Extracting a_42768_39581#
Extracting a_42959_39593#
Extracting a_43125_39581#
Extracting a_41288_39215#
Extracting a_43537_39593#
Extracting a_43782_39581#
Extracting a_42971_39215#
Extracting a_42685_36611#
Extracting a_44537_39535#
Extracting a_45285_39581#
Extracting a_43590_39215#
Extracting a_44369_39215#
Extracting a_44537_39215#
Extracting a_42236_36219#
Extracting a_43156_34293#
Extracting a_45893_39553#
Extracting a_49721_39581#
Extracting a_49961_39581#
Extracting a_46452_39331#
Extracting a_50397_39581#
Extracting a_50469_39581#
Extracting a_50722_39215#
Extracting a_49920_39215#
Extracting a_51554_39581#
Extracting a_51775_39581#
Extracting a_50304_39215#
Extracting a_52573_39581#
Extracting a_52813_39581#
Extracting a_51554_39254#
Extracting a_51871_39254#
Extracting a_53249_39581#
Extracting a_53321_39581#
Extracting a_53574_39215#
Extracting a_52772_39215#
Extracting a_54406_39581#
Extracting a_54627_39581#
Extracting a_53156_39215#
Extracting a_57354_39581#
Extracting a_57430_39581#
Extracting a_57598_39581#
Extracting a_57858_39581#
Extracting a_58044_39581#
Extracting a_58248_39215#
Extracting a_54406_39254#
Extracting a_54723_39254#
Extracting a_59006_39581#
Extracting a_59227_39581#
Extracting a_57514_39215#
Extracting a_57694_39215#
Extracting a_58044_39215#
Extracting a_60298_39581#
Extracting a_60374_39581#
Extracting a_60542_39581#
Extracting a_60802_39581#
Extracting a_60988_39581#
Extracting a_61192_39215#
Extracting a_59006_39254#
Extracting a_59323_39254#
Extracting a_61950_39581#
Extracting a_62171_39581#
Extracting a_60458_39215#
Extracting a_60638_39215#
Extracting a_60988_39215#
Extracting a_61950_39254#
Extracting a_62267_39254#
Extracting a_36425_35078#
Extracting a_36835_38921#
Extracting a_37859_38998#
Extracting a_38532_38823#
Extracting a_39544_38823#
Extracting a_18420_33453#
Extracting a_36917_38921#
Extracting a_37085_38921#
Extracting a_37169_38671#
Extracting a_36427_36475#
Extracting a_37605_38998#
Extracting a_36721_37583#
Extracting a_37433_35665#
Extracting a_37787_38998#
Extracting a_38073_38998#
Extracting a_37085_38671#
Extracting a_38285_38671#
Extracting a_21252_33417#
Extracting a_21068_33881#
Extracting a_38740_38645#
Extracting a_38961_38645#
Extracting a_38674_38998#
Extracting a_38991_38998#
Extracting a_37859_38671#
Extracting a_38080_38671#
Extracting a_40415_38671#
Extracting a_39127_34319#
Extracting a_40581_38671#
Extracting a_41040_38645#
Extracting a_40864_38671#
Extracting a_41570_38885#
Extracting a_41420_39037#
Extracting a_41990_38671#
Extracting a_39752_38645#
Extracting a_39973_38645#
Extracting a_39686_38998#
Extracting a_40003_38998#
Extracting a_38674_38671#
Extracting a_38895_38671#
Extracting a_40769_38671#
Extracting a_40950_39037#
Extracting a_41344_39037#
Extracting a_41528_39037#
Extracting a_39686_38671#
Extracting a_39907_38671#
Extracting a_42439_38671#
Extracting a_42743_38884#
Extracting a_42605_38671#
Extracting a_43173_38913#
Extracting a_42955_38671#
Extracting a_43695_38645#
Extracting a_43520_38671#
Extracting a_43283_34319#
Extracting a_44511_38645#
Extracting a_44739_38671#
Extracting a_45443_38823#
Extracting a_46013_38823#
Extracting a_49483_38645#
Extracting a_49686_38923#
Extracting a_49964_38939#
Extracting a_50003_38813#
Extracting a_50159_38908#
Extracting a_50090_39037#
Extracting a_50784_38920#
Extracting a_42860_38671#
Extracting a_43063_39037#
Extracting a_40974_38671#
Extracting a_41184_38671#
Extracting a_41444_38671#
Extracting a_41612_38671#
Extracting a_41684_38671#
Extracting a_43682_39037#
Extracting a_43051_38671#
Extracting a_43217_38671#
Extracting a_44469_38921#
Extracting a_42953_34837#
Extracting a_44905_38671#
Extracting a_37829_38140#
Extracting a_45114_37735#
Extracting a_43629_38671#
Extracting a_43874_38671#
Extracting a_43609_37359#
Extracting a_43559_35407#
Extracting a_46176_38921#
Extracting a_49920_39037#
Extracting a_45617_38699#
Extracting a_50304_39037#
Extracting a_50722_39037#
Extracting a_51412_38823#
Extracting a_52579_38998#
Extracting a_49721_38671#
Extracting a_49961_38671#
Extracting a_50397_38671#
Extracting a_50469_38671#
Extracting a_51620_38645#
Extracting a_51841_38645#
Extracting a_52325_38998#
Extracting a_51554_38998#
Extracting a_51871_38998#
Extracting a_52507_38998#
Extracting a_52793_38998#
Extracting a_53005_38671#
Extracting a_53203_38671#
Extracting a_53369_38671#
Extracting a_53937_38913#
Extracting a_53719_38671#
Extracting a_54459_38645#
Extracting a_54284_38671#
Extracting a_56843_38645#
Extracting a_57046_38923#
Extracting a_57324_38939#
Extracting a_57363_38813#
Extracting a_57519_38908#
Extracting a_57450_39037#
Extracting a_58144_38920#
Extracting a_53624_38671#
Extracting a_53827_39037#
Extracting a_51554_38671#
Extracting a_51775_38671#
Extracting a_52579_38671#
Extracting a_52800_38671#
Extracting a_54446_39037#
Extracting a_53815_38671#
Extracting a_53981_38671#
Extracting a_57280_39037#
Extracting a_54393_38671#
Extracting a_54638_38671#
Extracting a_57664_39037#
Extracting a_58082_39037#
Extracting a_58772_38823#
Extracting a_59939_38998#
Extracting a_57081_38671#
Extracting a_57321_38671#
Extracting a_57757_38671#
Extracting a_57829_38671#
Extracting a_58980_38645#
Extracting a_59201_38645#
Extracting a_59685_38998#
Extracting a_58914_38998#
Extracting a_59231_38998#
Extracting a_59867_38998#
Extracting a_60153_38998#
Extracting a_60365_38671#
Extracting a_60563_38671#
Extracting a_60729_38671#
Extracting a_61297_38913#
Extracting a_61079_38671#
Extracting a_61819_38645#
Extracting a_61644_38671#
Extracting a_60984_38671#
Extracting a_61187_39037#
Extracting a_58914_38671#
Extracting a_59135_38671#
Extracting a_59939_38671#
Extracting a_60160_38671#
Extracting a_61806_39037#
Extracting a_61175_38671#
Extracting a_61341_38671#
Extracting a_61753_38671#
Extracting a_61998_38671#
Extracting a_36355_38101#
Extracting a_36999_38101#
Extracting a_37661_38140#
Extracting a_37605_38166#
Extracting a_37859_38166#
Extracting a_38532_38359#
Extracting a_37029_37583#
Extracting a_38740_38395#
Extracting a_38961_38425#
Extracting a_39544_38359#
Extracting a_39752_38395#
Extracting a_39759_38140#
Extracting a_39973_38425#
Extracting a_40467_38101#
Extracting a_40670_38259#
Extracting a_40987_38369#
Extracting a_40948_38243#
Extracting a_41143_38101#
Extracting a_41074_38127#
Extracting a_42399_38101#
Extracting a_42602_38259#
Extracting a_42919_38369#
Extracting a_42880_38243#
Extracting a_43075_38101#
Extracting a_43006_38127#
Extracting a_43359_37583#
Extracting a_36425_36166#
Extracting a_44287_38127#
Extracting a_48511_38127#
Extracting a_49483_38101#
Extracting a_49686_38259#
Extracting a_50003_38369#
Extracting a_49964_38243#
Extracting a_50159_38101#
Extracting a_50090_38127#
Extracting a_50784_38101#
Extracting a_51412_38359#
Extracting a_48677_38127#
Extracting a_51620_38395#
Extracting a_51841_38425#
Extracting a_52335_38101#
Extracting a_52538_38259#
Extracting a_52855_38369#
Extracting a_52816_38243#
Extracting a_53011_38101#
Extracting a_52942_38127#
Extracting a_53636_38101#
Extracting a_54264_38359#
Extracting a_54479_38140#
Extracting a_54693_38425#
Extracting a_56843_38101#
Extracting a_57046_38259#
Extracting a_57363_38369#
Extracting a_57324_38243#
Extracting a_57519_38101#
Extracting a_57450_38127#
Extracting a_58144_38101#
Extracting a_58772_38359#
Extracting a_59201_38425#
Extracting a_59695_38101#
Extracting a_59898_38259#
Extracting a_60215_38369#
Extracting a_60176_38243#
Extracting a_60371_38101#
Extracting a_60302_38127#
Extracting a_60996_38101#
Extracting a_61624_38359#
Extracting a_62053_38425#
Extracting a_37859_38493#
Extracting a_38080_38493#
Extracting a_38285_38127#
Extracting a_25116_36681#
Extracting a_38674_38493#
Extracting a_38895_38493#
Extracting a_24932_37145#
Extracting a_37787_38166#
Extracting a_38073_38166#
Extracting a_39686_38493#
Extracting a_39907_38493#
Extracting a_38674_38166#
Extracting a_38991_38166#
Extracting a_40705_38493#
Extracting a_40945_38493#
Extracting a_39686_38166#
Extracting a_40003_38166#
Extracting a_41381_38493#
Extracting a_41453_38493#
Extracting a_41706_38127#
Extracting a_40904_38127#
Extracting a_42637_38493#
Extracting a_42877_38493#
Extracting a_41288_38127#
Extracting a_43313_38493#
Extracting a_43385_38493#
Extracting a_43638_38127#
Extracting a_42836_38127#
Extracting a_44537_38447#
Extracting a_49721_38493#
Extracting a_49961_38493#
Extracting a_43220_38127#
Extracting a_44369_38127#
Extracting a_44537_38127#
Extracting a_50397_38493#
Extracting a_50469_38493#
Extracting a_50722_38127#
Extracting a_49920_38127#
Extracting a_51554_38493#
Extracting a_51775_38493#
Extracting a_50304_38127#
Extracting a_52573_38493#
Extracting a_52813_38493#
Extracting a_51554_38166#
Extracting a_51871_38166#
Extracting a_53249_38493#
Extracting a_53321_38493#
Extracting a_53574_38127#
Extracting a_52772_38127#
Extracting a_54406_38493#
Extracting a_54627_38493#
Extracting a_53156_38127#
Extracting a_57081_38493#
Extracting a_57321_38493#
Extracting a_54406_38166#
Extracting a_54723_38166#
Extracting a_57757_38493#
Extracting a_57829_38493#
Extracting a_58082_38127#
Extracting a_57280_38127#
Extracting a_58914_38493#
Extracting a_59135_38493#
Extracting a_57664_38127#
Extracting a_59933_38493#
Extracting a_60173_38493#
Extracting a_58914_38166#
Extracting a_59231_38166#
Extracting a_60609_38493#
Extracting a_60681_38493#
Extracting a_60934_38127#
Extracting a_60132_38127#
Extracting a_61766_38493#
Extracting a_61987_38493#
Extracting a_60516_38127#
Extracting a_61766_38166#
Extracting a_62083_38166#
Extracting a_36275_37949#
Extracting a_36455_37949#
Extracting a_36999_37557#
Extracting a_37859_37910#
Extracting a_38532_37735#
Extracting a_39544_37735#
Extracting a_37605_37910#
Extracting a_37829_37812#
Extracting a_37579_34863#
Extracting a_37787_37910#
Extracting a_38073_37910#
Extracting a_36545_37583#
Extracting a_38285_37583#
Extracting a_25116_35593#
Extracting a_24932_36057#
Extracting a_38740_37557#
Extracting a_38961_37557#
Extracting a_38674_37910#
Extracting a_38991_37910#
Extracting a_37859_37583#
Extracting a_38080_37583#
Extracting a_40507_37583#
Extracting a_40673_37583#
Extracting a_41241_37825#
Extracting a_41023_37583#
Extracting a_41763_37557#
Extracting a_41588_37583#
Extracting a_42488_37735#
Extracting a_43408_37735#
Extracting a_44339_37735#
Extracting a_44909_37735#
Extracting a_49483_37557#
Extracting a_49686_37835#
Extracting a_49964_37851#
Extracting a_50003_37725#
Extracting a_50159_37820#
Extracting a_50090_37949#
Extracting a_50784_37832#
Extracting a_39759_36777#
Extracting a_39752_37557#
Extracting a_39973_37557#
Extracting a_39686_37910#
Extracting a_40003_37910#
Extracting a_38674_37583#
Extracting a_38895_37583#
Extracting a_40928_37583#
Extracting a_41131_37949#
Extracting a_39686_37583#
Extracting a_39907_37583#
Extracting a_41750_37949#
Extracting a_41119_37583#
Extracting a_41285_37583#
Extracting a_42917_37557#
Extracting a_42630_37910#
Extracting a_42947_37910#
Extracting a_41697_37583#
Extracting a_41942_37583#
Extracting a_42613_37052#
Extracting a_43504_37735#
Extracting a_42445_36469#
Extracting a_43837_37557#
Extracting a_43550_37910#
Extracting a_43867_37910#
Extracting a_42630_37583#
Extracting a_42851_37583#
Extracting a_43550_37583#
Extracting a_43771_37583#
Extracting a_42321_35183#
Extracting a_45072_37833#
Extracting a_49920_37949#
Extracting a_44513_37611#
Extracting a_50304_37949#
Extracting a_50722_37949#
Extracting a_51412_37735#
Extracting a_52579_37910#
Extracting a_49721_37583#
Extracting a_49961_37583#
Extracting a_50397_37583#
Extracting a_50469_37583#
Extracting a_51620_37557#
Extracting a_51841_37557#
Extracting a_52325_37910#
Extracting a_51554_37910#
Extracting a_51871_37910#
Extracting a_52507_37910#
Extracting a_52793_37910#
Extracting a_53005_37583#
Extracting a_53203_37583#
Extracting a_53369_37583#
Extracting a_53937_37825#
Extracting a_53719_37583#
Extracting a_54459_37557#
Extracting a_54284_37583#
Extracting a_56843_37557#
Extracting a_57046_37835#
Extracting a_57324_37851#
Extracting a_57363_37725#
Extracting a_57519_37820#
Extracting a_57450_37949#
Extracting a_58144_37832#
Extracting a_53624_37583#
Extracting a_53827_37949#
Extracting a_51554_37583#
Extracting a_51775_37583#
Extracting a_52579_37583#
Extracting a_52800_37583#
Extracting a_54446_37949#
Extracting a_53815_37583#
Extracting a_53981_37583#
Extracting a_57280_37949#
Extracting a_54393_37583#
Extracting a_54638_37583#
Extracting a_57664_37949#
Extracting a_58082_37949#
Extracting a_58772_37735#
Extracting a_59939_37910#
Extracting a_57081_37583#
Extracting a_57321_37583#
Extracting a_57757_37583#
Extracting a_57829_37583#
Extracting a_58980_37557#
Extracting a_59201_37557#
Extracting a_59685_37910#
Extracting a_58914_37910#
Extracting a_59231_37910#
Extracting a_59867_37910#
Extracting a_60153_37910#
Extracting a_60365_37583#
Extracting a_60563_37583#
Extracting a_60729_37583#
Extracting a_61297_37825#
Extracting a_61079_37583#
Extracting a_61819_37557#
Extracting a_61644_37583#
Extracting a_60984_37583#
Extracting a_61187_37949#
Extracting a_58914_37583#
Extracting a_59135_37583#
Extracting a_59939_37583#
Extracting a_60160_37583#
Extracting a_61806_37949#
Extracting a_61175_37583#
Extracting a_61341_37583#
Extracting a_61753_37583#
Extracting a_61998_37583#
Extracting a_36275_37039#
Extracting a_36455_37039#
Extracting a_36999_37013#
Extracting a_37605_37078#
Extracting a_37901_37307#
Extracting a_37452_34953#
Extracting a_37859_37078#
Extracting a_38532_37271#
Extracting a_38740_37307#
Extracting a_38961_37337#
Extracting a_39544_37271#
Extracting a_39752_37307#
Extracting a_39973_37337#
Extracting a_40415_37045#
Extracting a_40581_37045#
Extracting a_41149_37013#
Extracting a_40931_37417#
Extracting a_41671_37343#
Extracting a_41496_37417#
Extracting a_42389_37078#
Extracting a_42643_37078#
Extracting a_43275_37039#
Extracting a_43161_34863#
Extracting a_44044_37155#
Extracting a_41309_34319#
Extracting a_49483_37013#
Extracting a_49686_37171#
Extracting a_50003_37281#
Extracting a_49964_37155#
Extracting a_50159_37013#
Extracting a_50090_37039#
Extracting a_50784_37013#
Extracting a_51412_37271#
Extracting a_51620_37307#
Extracting a_51841_37337#
Extracting a_52335_37013#
Extracting a_52538_37171#
Extracting a_52855_37281#
Extracting a_52816_37155#
Extracting a_53011_37013#
Extracting a_52942_37039#
Extracting a_53636_37013#
Extracting a_54264_37271#
Extracting a_54479_37052#
Extracting a_54693_37337#
Extracting a_56916_37271#
Extracting a_57012_37013#
Extracting a_57148_37039#
Extracting a_57472_37317#
Extracting a_57556_37013#
Extracting a_57640_37353#
Extracting a_57776_37405#
Extracting a_58298_37269#
Extracting a_58864_37271#
Extracting a_59293_37337#
Extracting a_59860_37271#
Extracting a_59956_37013#
Extracting a_60092_37039#
Extracting a_60416_37317#
Extracting a_60500_37013#
Extracting a_60584_37353#
Extracting a_60720_37405#
Extracting a_61242_37269#
Extracting a_61808_37271#
Extracting a_62237_37337#
Extracting a_17108_37145#
Extracting a_18011_37021#
Extracting a_17059_36993#
Extracting a_18531_37359#
Extracting a_17689_32641#
Extracting a_18711_37359#
Extracting a_20972_37145#
Extracting a_21875_37021#
Extracting a_20923_36993#
Extracting a_22395_37359#
Extracting a_21553_32641#
Extracting a_22575_37359#
Extracting a_24836_37145#
Extracting a_25739_37021#
Extracting a_24787_36993#
Extracting a_26259_37359#
Extracting a_25417_32641#
Extracting a_26439_37359#
Extracting a_28700_37145#
Extracting a_29603_37021#
Extracting a_28651_36993#
Extracting a_30123_37359#
Extracting a_29281_32641#
Extracting a_30303_37359#
Extracting a_17243_36449#
Extracting a_17316_36967#
Extracting a_17537_36967#
Extracting a_17250_37320#
Extracting a_17567_37320#
Extracting a_16756_10376#
Extracting a_17250_36993#
Extracting a_17471_36993#
Extracting a_18097_37021#
Extracting a_16756_10782#
Extracting a_21107_36449#
Extracting a_21180_36967#
Extracting a_21401_36967#
Extracting a_21114_37320#
Extracting a_21431_37320#
Extracting a_18801_36993#
Extracting a_20620_10376#
Extracting a_21114_36993#
Extracting a_21335_36993#
Extracting a_21961_37021#
Extracting a_20620_10782#
Extracting a_24971_36449#
Extracting a_25044_36967#
Extracting a_25265_36967#
Extracting a_24978_37320#
Extracting a_25295_37320#
Extracting a_22665_36993#
Extracting a_24484_10376#
Extracting a_24978_36993#
Extracting a_25199_36993#
Extracting a_25825_37021#
Extracting a_24484_10782#
Extracting a_28796_37145#
Extracting a_28835_36449#
Extracting a_28908_36967#
Extracting a_29129_36967#
Extracting a_28842_37320#
Extracting a_29159_37320#
Extracting a_26529_36993#
Extracting a_28348_10376#
Extracting a_28842_36993#
Extracting a_29063_36993#
Extracting a_29689_37021#
Extracting a_28348_10782#
Extracting a_36545_37405#
Extracting a_37859_37405#
Extracting a_38080_37405#
Extracting a_30393_36993#
Extracting a_25116_34505#
Extracting a_38674_37405#
Extracting a_38895_37405#
Extracting a_24932_34969#
Extracting a_37787_37078#
Extracting a_38073_37078#
Extracting a_39686_37405#
Extracting a_39907_37405#
Extracting a_38674_37078#
Extracting a_38991_37078#
Extracting a_40836_37405#
Extracting a_41027_37417#
Extracting a_41193_37405#
Extracting a_39686_37078#
Extracting a_40003_37078#
Extracting a_41605_37417#
Extracting a_41850_37405#
Extracting a_41039_37039#
Extracting a_42643_37405#
Extracting a_42864_37405#
Extracting a_41658_37039#
Extracting a_43525_37359#
Extracting a_49721_37405#
Extracting a_49961_37405#
Extracting a_42571_37078#
Extracting a_42857_37078#
Extracting a_43357_37039#
Extracting a_43525_37039#
Extracting a_44126_37155#
Extracting a_50397_37405#
Extracting a_50469_37405#
Extracting a_50722_37039#
Extracting a_49920_37039#
Extracting a_51554_37405#
Extracting a_51775_37405#
Extracting a_50304_37039#
Extracting a_52573_37405#
Extracting a_52813_37405#
Extracting a_51554_37078#
Extracting a_51871_37078#
Extracting a_53249_37405#
Extracting a_53321_37405#
Extracting a_53574_37039#
Extracting a_52772_37039#
Extracting a_54406_37405#
Extracting a_54627_37405#
Extracting a_53156_37039#
Extracting a_57354_37405#
Extracting a_57430_37405#
Extracting a_57598_37405#
Extracting a_57858_37405#
Extracting a_58044_37405#
Extracting a_58248_37039#
Extracting a_54406_37078#
Extracting a_54723_37078#
Extracting a_59006_37405#
Extracting a_59227_37405#
Extracting a_57514_37039#
Extracting a_57694_37039#
Extracting a_58044_37039#
Extracting a_60298_37405#
Extracting a_60374_37405#
Extracting a_60542_37405#
Extracting a_60802_37405#
Extracting a_60988_37405#
Extracting a_61192_37039#
Extracting a_59006_37078#
Extracting a_59323_37078#
Extracting a_61950_37405#
Extracting a_62171_37405#
Extracting a_60458_37039#
Extracting a_60638_37039#
Extracting a_60988_37039#
Extracting a_61950_37078#
Extracting a_62267_37078#
Extracting a_36329_36469#
Extracting a_37387_36745#
Extracting a_37839_36861#
Extracting a_38019_36861#
Extracting a_38532_36647#
Extracting a_39544_36647#
Extracting a_17292_36681#
Extracting a_17721_36747#
Extracting a_18212_36681#
Extracting a_18641_36747#
Extracting a_21156_36681#
Extracting a_21585_36747#
Extracting a_22076_36681#
Extracting a_22505_36747#
Extracting a_25020_36681#
Extracting a_25449_36747#
Extracting a_25940_36681#
Extracting a_26369_36747#
Extracting a_28884_36681#
Extracting a_28980_36681#
Extracting a_29313_36747#
Extracting a_29804_36681#
Extracting a_30233_36747#
Extracting a_17255_32793#
Extracting a_17434_36815#
Extracting a_17655_36815#
Extracting a_18354_36815#
Extracting a_18575_36815#
Extracting a_17434_36488#
Extracting a_17751_36488#
Extracting a_21298_36815#
Extracting a_21519_36815#
Extracting a_18354_36488#
Extracting a_18671_36488#
Extracting a_22218_36815#
Extracting a_22439_36815#
Extracting a_21298_36488#
Extracting a_21615_36488#
Extracting a_25162_36815#
Extracting a_25383_36815#
Extracting a_22218_36488#
Extracting a_22535_36488#
Extracting a_26082_36815#
Extracting a_26303_36815#
Extracting a_25162_36488#
Extracting a_25479_36488#
Extracting a_29026_36815#
Extracting a_29247_36815#
Extracting a_26082_36488#
Extracting a_26399_36488#
Extracting a_29946_36815#
Extracting a_30167_36815#
Extracting a_29026_36488#
Extracting a_29343_36488#
Extracting a_36499_36647#
Extracting a_37195_36501#
Extracting a_36457_36745#
Extracting a_37469_36745#
Extracting a_29946_36488#
Extracting a_30263_36488#
Extracting a_38285_36495#
Extracting a_25116_33417#
Extracting a_24932_33881#
Extracting a_38740_36469#
Extracting a_38961_36469#
Extracting a_38674_36822#
Extracting a_38991_36822#
Extracting a_38109_36495#
Extracting a_40415_36495#
Extracting a_40581_36495#
Extracting a_41149_36737#
Extracting a_40931_36495#
Extracting a_41671_36469#
Extracting a_41496_36495#
Extracting a_42643_36822#
Extracting a_43327_36647#
Extracting a_43897_36647#
Extracting a_49483_36469#
Extracting a_49686_36747#
Extracting a_49964_36763#
Extracting a_50003_36637#
Extracting a_50159_36732#
Extracting a_50090_36861#
Extracting a_50784_36744#
Extracting a_39752_36469#
Extracting a_39973_36469#
Extracting a_39686_36822#
Extracting a_40003_36822#
Extracting a_38674_36495#
Extracting a_38895_36495#
Extracting a_40836_36495#
Extracting a_41039_36861#
Extracting a_39686_36495#
Extracting a_39907_36495#
Extracting a_41658_36861#
Extracting a_41027_36495#
Extracting a_41193_36495#
Extracting a_42389_36822#
Extracting a_42571_36822#
Extracting a_42857_36822#
Extracting a_41605_36495#
Extracting a_41850_36495#
Extracting a_42643_36495#
Extracting a_42864_36495#
Extracting a_37452_34293#
Extracting a_44060_36745#
Extracting a_49920_36861#
Extracting a_43501_36523#
Extracting a_50304_36861#
Extracting a_50722_36861#
Extracting a_51412_36647#
Extracting a_52579_36822#
Extracting a_49721_36495#
Extracting a_49961_36495#
Extracting a_50397_36495#
Extracting a_50469_36495#
Extracting a_51620_36469#
Extracting a_51841_36469#
Extracting a_52325_36822#
Extracting a_51554_36822#
Extracting a_51871_36822#
Extracting a_52507_36822#
Extracting a_52793_36822#
Extracting a_53005_36495#
Extracting a_53203_36495#
Extracting a_53369_36495#
Extracting a_53937_36737#
Extracting a_53719_36495#
Extracting a_54459_36469#
Extracting a_54284_36495#
Extracting a_56843_36469#
Extracting a_57046_36747#
Extracting a_57324_36763#
Extracting a_57363_36637#
Extracting a_57519_36732#
Extracting a_57450_36861#
Extracting a_58144_36744#
Extracting a_53624_36495#
Extracting a_53827_36861#
Extracting a_51554_36495#
Extracting a_51775_36495#
Extracting a_52579_36495#
Extracting a_52800_36495#
Extracting a_54446_36861#
Extracting a_53815_36495#
Extracting a_53981_36495#
Extracting a_57280_36861#
Extracting a_54393_36495#
Extracting a_54638_36495#
Extracting a_57664_36861#
Extracting a_58082_36861#
Extracting a_58772_36647#
Extracting a_59939_36822#
Extracting a_57081_36495#
Extracting a_57321_36495#
Extracting a_57757_36495#
Extracting a_57829_36495#
Extracting a_58980_36469#
Extracting a_59201_36469#
Extracting a_59685_36822#
Extracting a_58914_36822#
Extracting a_59231_36822#
Extracting a_59867_36822#
Extracting a_60153_36822#
Extracting a_60365_36495#
Extracting a_60563_36495#
Extracting a_60729_36495#
Extracting a_61297_36737#
Extracting a_61079_36495#
Extracting a_61819_36469#
Extracting a_61644_36495#
Extracting a_60984_36495#
Extracting a_61187_36861#
Extracting a_58914_36495#
Extracting a_59135_36495#
Extracting a_59939_36495#
Extracting a_60160_36495#
Extracting a_61806_36861#
Extracting a_61175_36495#
Extracting a_61341_36495#
Extracting a_61753_36495#
Extracting a_61998_36495#
Extracting a_36327_35925#
Extracting a_36503_36257#
Extracting a_36919_35951#
Extracting a_37839_35951#
Extracting a_38019_35951#
Extracting a_38543_36183#
Extracting a_39555_36183#
Extracting a_40099_35925#
Extracting a_40302_36083#
Extracting a_40619_36193#
Extracting a_40580_36067#
Extracting a_40775_35925#
Extracting a_40706_35951#
Extracting a_41059_34863#
Extracting a_42028_36183#
Extracting a_42457_36249#
Extracting a_42907_35951#
Extracting a_43713_36183#
Extracting a_49483_35925#
Extracting a_49686_36083#
Extracting a_50003_36193#
Extracting a_49964_36067#
Extracting a_50159_35925#
Extracting a_50090_35951#
Extracting a_50784_35925#
Extracting a_51412_36183#
Extracting a_51620_36219#
Extracting a_38771_35967#
Extracting a_51841_36249#
Extracting a_52335_35925#
Extracting a_52538_36083#
Extracting a_52855_36193#
Extracting a_52816_36067#
Extracting a_53011_35925#
Extracting a_52942_35951#
Extracting a_53636_35925#
Extracting a_54264_36183#
Extracting a_54479_35964#
Extracting a_54693_36249#
Extracting a_56843_35925#
Extracting a_57046_36083#
Extracting a_57363_36193#
Extracting a_57324_36067#
Extracting a_57519_35925#
Extracting a_57450_35951#
Extracting a_58144_35925#
Extracting a_58772_36183#
Extracting a_39783_35967#
Extracting a_59201_36249#
Extracting a_59695_35925#
Extracting a_59898_36083#
Extracting a_60215_36193#
Extracting a_60176_36067#
Extracting a_60371_35925#
Extracting a_60302_35951#
Extracting a_60996_35925#
Extracting a_61624_36183#
Extracting a_62053_36249#
Extracting a_17108_36057#
Extracting a_18011_35933#
Extracting a_17059_35905#
Extracting a_18531_36271#
Extracting a_18711_36271#
Extracting a_20972_36057#
Extracting a_21875_35933#
Extracting a_20923_35905#
Extracting a_22395_36271#
Extracting a_22575_36271#
Extracting a_24836_36057#
Extracting a_25739_35933#
Extracting a_24787_35905#
Extracting a_26259_36271#
Extracting a_26439_36271#
Extracting a_28700_36057#
Extracting a_29603_35933#
Extracting a_28651_35905#
Extracting a_30123_36271#
Extracting a_30303_36271#
Extracting a_17481_32899#
Extracting a_17243_35361#
Extracting a_17316_35879#
Extracting a_17537_35879#
Extracting a_17250_36232#
Extracting a_17567_36232#
Extracting a_16756_14376#
Extracting a_17250_35905#
Extracting a_17471_35905#
Extracting a_18097_35933#
Extracting a_16756_14782#
Extracting a_21107_35361#
Extracting a_21180_35879#
Extracting a_21401_35879#
Extracting a_21114_36232#
Extracting a_21431_36232#
Extracting a_18801_35905#
Extracting a_20620_14376#
Extracting a_21114_35905#
Extracting a_21335_35905#
Extracting a_21961_35933#
Extracting a_20620_14782#
Extracting a_24971_35361#
Extracting a_25044_35879#
Extracting a_25265_35879#
Extracting a_24978_36232#
Extracting a_25295_36232#
Extracting a_22665_35905#
Extracting a_24484_14376#
Extracting a_24978_35905#
Extracting a_25199_35905#
Extracting a_25825_35933#
Extracting a_24484_14782#
Extracting a_28796_36057#
Extracting a_28835_35361#
Extracting a_28908_35879#
Extracting a_29129_35879#
Extracting a_28842_36232#
Extracting a_29159_36232#
Extracting a_26529_35905#
Extracting a_28348_14376#
Extracting a_28842_35905#
Extracting a_29063_35905#
Extracting a_29689_35933#
Extracting a_28348_14782#
Extracting a_36455_36317#
Extracting a_30393_35905#
Extracting a_38109_36317#
Extracting a_38077_34837#
Extracting a_38717_36289#
Extracting a_37310_34471#
Extracting a_39729_36289#
Extracting a_39209_35951#
Extracting a_36425_34293#
Extracting a_40337_36317#
Extracting a_40577_36317#
Extracting a_41013_36317#
Extracting a_41085_36317#
Extracting a_41338_35951#
Extracting a_40536_35951#
Extracting a_41400_35656#
Extracting a_42170_36317#
Extracting a_42391_36317#
Extracting a_40920_35951#
Extracting a_43157_36271#
Extracting a_49721_36317#
Extracting a_49961_36317#
Extracting a_42170_35990#
Extracting a_42487_35990#
Extracting a_42989_35951#
Extracting a_43157_35951#
Extracting a_43876_36067#
Extracting a_50397_36317#
Extracting a_50469_36317#
Extracting a_50722_35951#
Extracting a_49920_35951#
Extracting a_51554_36317#
Extracting a_51775_36317#
Extracting a_50304_35951#
Extracting a_52573_36317#
Extracting a_52813_36317#
Extracting a_51554_35990#
Extracting a_51871_35990#
Extracting a_53249_36317#
Extracting a_53321_36317#
Extracting a_53574_35951#
Extracting a_52772_35951#
Extracting a_54406_36317#
Extracting a_54627_36317#
Extracting a_53156_35951#
Extracting a_57081_36317#
Extracting a_57321_36317#
Extracting a_54406_35990#
Extracting a_54723_35990#
Extracting a_57757_36317#
Extracting a_57829_36317#
Extracting a_58082_35951#
Extracting a_57280_35951#
Extracting a_58914_36317#
Extracting a_59135_36317#
Extracting a_57664_35951#
Extracting a_59933_36317#
Extracting a_60173_36317#
Extracting a_58914_35990#
Extracting a_59231_35990#
Extracting a_60609_36317#
Extracting a_60681_36317#
Extracting a_60934_35951#
Extracting a_60132_35951#
Extracting a_61766_36317#
Extracting a_61987_36317#
Extracting a_60516_35951#
Extracting a_61766_35990#
Extracting a_62083_35990#
Extracting a_36327_35381#
Extracting a_36503_35381#
Extracting a_37195_35773#
Extracting a_37375_35773#
Extracting a_37839_35773#
Extracting a_38019_35773#
Extracting a_38543_35559#
Extracting a_39555_35559#
Extracting a_40099_35381#
Extracting a_40302_35659#
Extracting a_40580_35675#
Extracting a_40619_35549#
Extracting a_40775_35644#
Extracting a_40706_35773#
Extracting a_17292_35593#
Extracting a_17721_35659#
Extracting a_18212_35593#
Extracting a_18641_35659#
Extracting a_21156_35593#
Extracting a_21585_35659#
Extracting a_22076_35593#
Extracting a_22505_35659#
Extracting a_25020_35593#
Extracting a_25449_35659#
Extracting a_25940_35593#
Extracting a_26369_35659#
Extracting a_28884_35593#
Extracting a_28980_35593#
Extracting a_29313_35659#
Extracting a_29804_35593#
Extracting a_30233_35659#
Extracting a_21345_32899#
Extracting a_17434_35727#
Extracting a_17655_35727#
Extracting a_18354_35727#
Extracting a_18575_35727#
Extracting a_17434_35400#
Extracting a_17751_35400#
Extracting a_21298_35727#
Extracting a_21519_35727#
Extracting a_18354_35400#
Extracting a_18671_35400#
Extracting a_22218_35727#
Extracting a_22439_35727#
Extracting a_21298_35400#
Extracting a_21615_35400#
Extracting a_25162_35727#
Extracting a_25383_35727#
Extracting a_22218_35400#
Extracting a_22535_35400#
Extracting a_26082_35727#
Extracting a_26303_35727#
Extracting a_25162_35400#
Extracting a_25479_35400#
Extracting a_29026_35727#
Extracting a_29247_35727#
Extracting a_26082_35400#
Extracting a_26399_35400#
Extracting a_29946_35727#
Extracting a_30167_35727#
Extracting a_29026_35400#
Extracting a_29343_35400#
Extracting a_29946_35400#
Extracting a_30263_35400#
Extracting a_37641_35407#
Extracting a_36455_35407#
Extracting a_37465_35407#
Extracting a_38771_35409#
Extracting a_38109_35407#
Extracting a_39783_35409#
Extracting a_38717_35435#
Extracting a_39213_35407#
Extracting a_40536_35773#
Extracting a_39729_35435#
Extracting a_40920_35773#
Extracting a_41338_35773#
Extracting a_42039_35592#
Extracting a_42793_35559#
Extracting a_43308_35657#
Extracting a_49483_35381#
Extracting a_49686_35659#
Extracting a_49964_35675#
Extracting a_50003_35549#
Extracting a_50159_35644#
Extracting a_50090_35773#
Extracting a_50784_35656#
Extracting a_40337_35407#
Extracting a_40577_35407#
Extracting a_41013_35407#
Extracting a_41085_35407#
Extracting a_42069_35657#
Extracting a_42425_35657#
Extracting a_40403_34876#
Extracting a_42956_35657#
Extracting a_43390_35657#
Extracting a_49920_35773#
Extracting a_42257_35407#
Extracting a_50304_35773#
Extracting a_50722_35773#
Extracting a_51412_35559#
Extracting a_52579_35734#
Extracting a_49721_35407#
Extracting a_49961_35407#
Extracting a_50397_35407#
Extracting a_50469_35407#
Extracting a_51620_35381#
Extracting a_51841_35381#
Extracting a_52325_35734#
Extracting a_51554_35734#
Extracting a_51871_35734#
Extracting a_52507_35734#
Extracting a_52793_35734#
Extracting a_53005_35407#
Extracting a_53203_35407#
Extracting a_53369_35407#
Extracting a_53937_35649#
Extracting a_53719_35407#
Extracting a_54459_35381#
Extracting a_54284_35407#
Extracting a_56843_35381#
Extracting a_57046_35659#
Extracting a_57324_35675#
Extracting a_57363_35549#
Extracting a_57519_35644#
Extracting a_57450_35773#
Extracting a_58144_35656#
Extracting a_53624_35407#
Extracting a_53827_35773#
Extracting a_51554_35407#
Extracting a_51775_35407#
Extracting a_52579_35407#
Extracting a_52800_35407#
Extracting a_54446_35773#
Extracting a_53815_35407#
Extracting a_53981_35407#
Extracting a_57280_35773#
Extracting a_54393_35407#
Extracting a_54638_35407#
Extracting a_57664_35773#
Extracting a_58082_35773#
Extracting a_58772_35559#
Extracting a_59939_35734#
Extracting a_57081_35407#
Extracting a_57321_35407#
Extracting a_57757_35407#
Extracting a_57829_35407#
Extracting a_58980_35381#
Extracting a_59201_35381#
Extracting a_59685_35734#
Extracting a_58914_35734#
Extracting a_59231_35734#
Extracting a_59867_35734#
Extracting a_60153_35734#
Extracting a_60365_35407#
Extracting a_60563_35407#
Extracting a_60729_35407#
Extracting a_61297_35649#
Extracting a_61079_35407#
Extracting a_61819_35381#
Extracting a_61644_35407#
Extracting a_60984_35407#
Extracting a_61187_35773#
Extracting a_58914_35407#
Extracting a_59135_35407#
Extracting a_59939_35407#
Extracting a_60160_35407#
Extracting a_61806_35773#
Extracting a_61175_35407#
Extracting a_61341_35407#
Extracting a_61753_35407#
Extracting a_61998_35407#
Extracting a_36327_34837#
Extracting a_36503_35169#
Extracting a_37328_34979#
Extracting a_37839_34863#
Extracting a_38019_34863#
Extracting a_38543_35095#
Extracting a_39549_34837#
Extracting a_17108_34969#
Extracting a_18011_34845#
Extracting a_17059_34817#
Extracting a_18531_35183#
Extracting a_18711_35183#
Extracting a_20972_34969#
Extracting a_21875_34845#
Extracting a_20923_34817#
Extracting a_22395_35183#
Extracting a_22575_35183#
Extracting a_24836_34969#
Extracting a_25739_34845#
Extracting a_24787_34817#
Extracting a_26259_35183#
Extracting a_26439_35183#
Extracting a_28700_34969#
Extracting a_29603_34845#
Extracting a_28651_34817#
Extracting a_30123_35183#
Extracting a_30303_35183#
Extracting a_25209_32899#
Extracting a_17243_34273#
Extracting a_17316_34791#
Extracting a_17537_34791#
Extracting a_17250_35144#
Extracting a_17567_35144#
Extracting a_16756_18782#
Extracting a_17250_34817#
Extracting a_17471_34817#
Extracting a_18097_34845#
Extracting a_16756_18376#
Extracting a_21107_34273#
Extracting a_21180_34791#
Extracting a_21401_34791#
Extracting a_21114_35144#
Extracting a_21431_35144#
Extracting a_18801_34817#
Extracting a_20620_18782#
Extracting a_21114_34817#
Extracting a_21335_34817#
Extracting a_21961_34845#
Extracting a_20620_18376#
Extracting a_24971_34273#
Extracting a_25044_34791#
Extracting a_25265_34791#
Extracting a_24978_35144#
Extracting a_25295_35144#
Extracting a_22665_34817#
Extracting a_24484_18782#
Extracting a_24978_34817#
Extracting a_25199_34817#
Extracting a_25825_34845#
Extracting a_24484_18376#
Extracting a_28796_34969#
Extracting a_28835_34273#
Extracting a_28908_34791#
Extracting a_29129_34791#
Extracting a_28842_35144#
Extracting a_29159_35144#
Extracting a_26529_34817#
Extracting a_28348_18782#
Extracting a_28842_34817#
Extracting a_29063_34817#
Extracting a_29689_34845#
Extracting a_28348_18376#
Extracting a_36455_35229#
Extracting a_30393_34817#
Extracting a_38109_35229#
Extracting a_37410_34979#
Extracting a_28980_34505#
Extracting a_38771_34879#
Extracting a_38717_35201#
Extracting a_39213_35183#
Extracting a_38077_34577#
Extracting a_39647_34877#
Extracting a_39719_34953#
Extracting a_40188_35095#
Extracting a_40617_35161#
Extracting a_41108_35095#
Extracting a_41316_35131#
Extracting a_41537_35161#
Extracting a_41987_34863#
Extracting a_42715_34863#
Extracting a_42895_34863#
Extracting a_43437_35095#
Extracting a_42045_34319#
Extracting a_49483_34837#
Extracting a_49686_34995#
Extracting a_50003_35105#
Extracting a_49964_34979#
Extracting a_50159_34837#
Extracting a_50090_34863#
Extracting a_50784_34837#
Extracting a_51412_35095#
Extracting a_51620_35131#
Extracting a_51841_35161#
Extracting a_52335_34837#
Extracting a_52538_34995#
Extracting a_52855_35105#
Extracting a_52816_34979#
Extracting a_53011_34837#
Extracting a_52942_34863#
Extracting a_53636_34837#
Extracting a_54264_35095#
Extracting a_54479_34876#
Extracting a_54693_35161#
Extracting a_56916_35095#
Extracting a_57012_34837#
Extracting a_57148_34863#
Extracting a_57472_35141#
Extracting a_57556_34837#
Extracting a_57640_35177#
Extracting a_57776_35229#
Extracting a_58298_35093#
Extracting a_58864_35095#
Extracting a_59293_35161#
Extracting a_59860_35095#
Extracting a_59956_34837#
Extracting a_60092_34863#
Extracting a_60416_35141#
Extracting a_60500_34837#
Extracting a_60584_35177#
Extracting a_60720_35229#
Extracting a_61242_35093#
Extracting a_61808_35095#
Extracting a_62237_35161#
Extracting a_40330_35229#
Extracting a_40551_35229#
Extracting a_39677_34979#
Extracting a_41250_35229#
Extracting a_41471_35229#
Extracting a_40330_34902#
Extracting a_40647_34902#
Extracting a_42237_35183#
Extracting a_42985_35229#
Extracting a_41250_34902#
Extracting a_41567_34902#
Extracting a_42069_34863#
Extracting a_42237_34863#
Extracting a_43014_34471#
Extracting a_49721_35229#
Extracting a_49961_35229#
Extracting a_43600_34979#
Extracting a_50397_35229#
Extracting a_50469_35229#
Extracting a_50722_34863#
Extracting a_49920_34863#
Extracting a_51554_35229#
Extracting a_51775_35229#
Extracting a_50304_34863#
Extracting a_52573_35229#
Extracting a_52813_35229#
Extracting a_51554_34902#
Extracting a_51871_34902#
Extracting a_53249_35229#
Extracting a_53321_35229#
Extracting a_53574_34863#
Extracting a_52772_34863#
Extracting a_54406_35229#
Extracting a_54627_35229#
Extracting a_53156_34863#
Extracting a_57354_35229#
Extracting a_57430_35229#
Extracting a_57598_35229#
Extracting a_57858_35229#
Extracting a_58044_35229#
Extracting a_58248_34863#
Extracting a_54406_34902#
Extracting a_54723_34902#
Extracting a_59006_35229#
Extracting a_59227_35229#
Extracting a_57514_34863#
Extracting a_57694_34863#
Extracting a_58044_34863#
Extracting a_60298_35229#
Extracting a_60374_35229#
Extracting a_60542_35229#
Extracting a_60802_35229#
Extracting a_60988_35229#
Extracting a_61192_34863#
Extracting a_59006_34902#
Extracting a_59323_34902#
Extracting a_61950_35229#
Extracting a_62171_35229#
Extracting a_60458_34863#
Extracting a_60638_34863#
Extracting a_60988_34863#
Extracting a_61950_34902#
Extracting a_62267_34902#
Extracting a_36327_34293#
Extracting a_36503_34293#
Extracting a_37328_34569#
Extracting a_37839_34685#
Extracting a_38019_34685#
Extracting a_38543_34471#
Extracting a_39555_34471#
Extracting a_40096_34471#
Extracting a_40975_34569#
Extracting a_41711_34569#
Extracting a_42499_34471#
Extracting a_43032_34569#
Extracting a_49483_34293#
Extracting a_49686_34571#
Extracting a_49964_34587#
Extracting a_50003_34461#
Extracting a_50159_34556#
Extracting a_50090_34685#
Extracting a_50784_34568#
Extracting a_17292_34505#
Extracting a_17721_34571#
Extracting a_18212_34505#
Extracting a_18641_34571#
Extracting a_21156_34505#
Extracting a_21585_34571#
Extracting a_22076_34505#
Extracting a_22505_34571#
Extracting a_25020_34505#
Extracting a_25449_34571#
Extracting a_25940_34505#
Extracting a_26369_34571#
Extracting a_28884_34505#
Extracting a_29313_34571#
Extracting a_29804_34505#
Extracting a_30233_34571#
Extracting a_29073_32899#
Extracting a_17434_34639#
Extracting a_17655_34639#
Extracting a_18354_34639#
Extracting a_18575_34639#
Extracting a_17434_34312#
Extracting a_17751_34312#
Extracting a_21298_34639#
Extracting a_21519_34639#
Extracting a_18354_34312#
Extracting a_18671_34312#
Extracting a_22218_34639#
Extracting a_22439_34639#
Extracting a_21298_34312#
Extracting a_21615_34312#
Extracting a_25162_34639#
Extracting a_25383_34639#
Extracting a_22218_34312#
Extracting a_22535_34312#
Extracting a_26082_34639#
Extracting a_26303_34639#
Extracting a_25162_34312#
Extracting a_25479_34312#
Extracting a_29026_34639#
Extracting a_29247_34639#
Extracting a_26082_34312#
Extracting a_26399_34312#
Extracting a_29946_34639#
Extracting a_30167_34639#
Extracting a_29026_34312#
Extracting a_29343_34312#
Extracting a_29946_34312#
Extracting a_30263_34312#
Extracting a_37410_34569#
Extracting a_36455_34319#
Extracting a_28980_33417#
Extracting a_38651_34471#
Extracting a_38109_34319#
Extracting a_28796_33881#
Extracting a_39783_34321#
Extracting a_38717_34347#
Extracting a_39209_34319#
Extracting a_40525_34293#
Extracting a_40238_34646#
Extracting a_40555_34646#
Extracting a_39729_34347#
Extracting a_41057_34569#
Extracting a_41225_34569#
Extracting a_41793_34569#
Extracting a_41961_34569#
Extracting a_40238_34319#
Extracting a_40459_34319#
Extracting a_41225_34319#
Extracting a_41961_34319#
Extracting a_43114_34569#
Extracting a_49920_34685#
Extracting a_42673_34347#
Extracting a_50304_34685#
Extracting a_50722_34685#
Extracting a_51412_34471#
Extracting a_52579_34646#
Extracting a_49721_34319#
Extracting a_49961_34319#
Extracting a_50397_34319#
Extracting a_50469_34319#
Extracting a_51620_34293#
Extracting a_51841_34293#
Extracting a_52325_34646#
Extracting a_51554_34646#
Extracting a_51871_34646#
Extracting a_52507_34646#
Extracting a_52793_34646#
Extracting a_53005_34319#
Extracting a_53203_34319#
Extracting a_53369_34319#
Extracting a_53937_34561#
Extracting a_53719_34319#
Extracting a_54459_34293#
Extracting a_54284_34319#
Extracting a_56843_34293#
Extracting a_57046_34571#
Extracting a_57324_34587#
Extracting a_57363_34461#
Extracting a_57519_34556#
Extracting a_57450_34685#
Extracting a_58144_34568#
Extracting a_53624_34319#
Extracting a_53827_34685#
Extracting a_51554_34319#
Extracting a_51775_34319#
Extracting a_52579_34319#
Extracting a_52800_34319#
Extracting a_54446_34685#
Extracting a_53815_34319#
Extracting a_53981_34319#
Extracting a_57280_34685#
Extracting a_54393_34319#
Extracting a_54638_34319#
Extracting a_57664_34685#
Extracting a_58082_34685#
Extracting a_58772_34471#
Extracting a_59939_34646#
Extracting a_57081_34319#
Extracting a_57321_34319#
Extracting a_57757_34319#
Extracting a_57829_34319#
Extracting a_58980_34293#
Extracting a_59201_34293#
Extracting a_59685_34646#
Extracting a_58914_34646#
Extracting a_59231_34646#
Extracting a_59867_34646#
Extracting a_60153_34646#
Extracting a_60365_34319#
Extracting a_60563_34319#
Extracting a_60729_34319#
Extracting a_61297_34561#
Extracting a_61079_34319#
Extracting a_61819_34293#
Extracting a_61644_34319#
Extracting a_60984_34319#
Extracting a_61187_34685#
Extracting a_58914_34319#
Extracting a_59135_34319#
Extracting a_59939_34319#
Extracting a_60160_34319#
Extracting a_61806_34685#
Extracting a_61175_34319#
Extracting a_61341_34319#
Extracting a_61753_34319#
Extracting a_61998_34319#
Extracting a_17108_33881#
Extracting a_18011_33757#
Extracting a_17059_33729#
Extracting a_18531_34095#
Extracting a_18711_34095#
Extracting a_20972_33881#
Extracting a_21875_33757#
Extracting a_20923_33729#
Extracting a_22395_34095#
Extracting a_22575_34095#
Extracting a_24836_33881#
Extracting a_25739_33757#
Extracting a_24787_33729#
Extracting a_26259_34095#
Extracting a_26439_34095#
Extracting a_28700_33881#
Extracting a_29603_33757#
Extracting a_28651_33729#
Extracting a_30123_34095#
Extracting a_30303_34095#
Extracting a_17243_33185#
Extracting a_17316_33703#
Extracting a_17537_33703#
Extracting a_17250_34056#
Extracting a_17567_34056#
Extracting a_18148_18782#
Extracting a_17250_33729#
Extracting a_17471_33729#
Extracting a_18097_33757#
Extracting a_18148_18376#
Extracting a_21107_33185#
Extracting a_21180_33703#
Extracting a_21401_33703#
Extracting a_21114_34056#
Extracting a_21431_34056#
Extracting a_18801_33729#
Extracting a_22012_18782#
Extracting a_21114_33729#
Extracting a_21335_33729#
Extracting a_21961_33757#
Extracting a_22012_18376#
Extracting a_24971_33185#
Extracting a_25044_33703#
Extracting a_25265_33703#
Extracting a_24978_34056#
Extracting a_25295_34056#
Extracting a_22665_33729#
Extracting a_25876_18782#
Extracting a_24978_33729#
Extracting a_25199_33729#
Extracting a_25825_33757#
Extracting a_25876_18376#
Extracting a_28835_33185#
Extracting a_28908_33703#
Extracting a_29129_33703#
Extracting a_28842_34056#
Extracting a_29159_34056#
Extracting a_26529_33729#
Extracting a_29740_18782#
Extracting a_28842_33729#
Extracting a_29063_33729#
Extracting a_29689_33757#
Extracting a_29740_18376#
Extracting a_30393_33729#
Extracting a_17292_33417#
Extracting a_17721_33483#
Extracting a_18212_33417#
Extracting a_18641_33483#
Extracting a_21156_33417#
Extracting a_21585_33483#
Extracting a_22076_33417#
Extracting a_22505_33483#
Extracting a_25020_33417#
Extracting a_25449_33483#
Extracting a_25940_33417#
Extracting a_26369_33483#
Extracting a_28884_33417#
Extracting a_29313_33483#
Extracting a_29804_33417#
Extracting a_30233_33483#
Extracting a_17434_33551#
Extracting a_17655_33551#
Extracting a_18354_33551#
Extracting a_18575_33551#
Extracting a_17434_33224#
Extracting a_17751_33224#
Extracting a_21298_33551#
Extracting a_21519_33551#
Extracting a_18354_33224#
Extracting a_18671_33224#
Extracting a_22218_33551#
Extracting a_22439_33551#
Extracting a_21298_33224#
Extracting a_21615_33224#
Extracting a_25162_33551#
Extracting a_25383_33551#
Extracting a_22218_33224#
Extracting a_22535_33224#
Extracting a_26082_33551#
Extracting a_26303_33551#
Extracting a_25162_33224#
Extracting a_25479_33224#
Extracting a_29026_33551#
Extracting a_29247_33551#
Extracting a_26082_33224#
Extracting a_26399_33224#
Extracting a_29946_33551#
Extracting a_30167_33551#
Extracting a_29026_33224#
Extracting a_29343_33224#
Extracting a_29946_33224#
Extracting a_30263_33224#
Extracting a_17243_33007#
Extracting a_17423_33007#
Extracting a_21107_33007#
Extracting a_21287_33007#
Extracting a_24971_33007#
Extracting a_25151_33007#
Extracting a_28835_33007#
Extracting a_29015_33007#
Extracting a_17513_32641#
Extracting a_21377_32641#
Extracting a_25241_32641#
Extracting a_29105_32641#
Extracting a_16626_26020#
Extracting a_14855_23023#
Extracting a_17050_26464#
Extracting a_18018_26020#
Extracting a_18442_26464#
Extracting a_19410_26020#
Extracting a_19834_26464#
Extracting a_10991_23023#
Extracting a_16754_24730#
Extracting a_18146_24730#
Extracting a_19538_24730#
Extracting a_16812_8642#
Extracting a_16626_22020#
Extracting a_17050_22464#
Extracting a_18018_22020#
Extracting a_18442_22464#
Extracting a_19410_22020#
Extracting a_19834_22464#
Extracting a_16754_20730#
Extracting a_18146_20730#
Extracting a_19538_20730#
Extracting a_16626_18020#
Extracting a_17050_18464#
Extracting a_18018_18020#
Extracting a_18442_18464#
Extracting a_19410_18020#
Extracting a_19834_18464#
Extracting a_16754_16730#
Extracting a_18146_16730#
Extracting a_19588_18020#
Extracting a_16626_14020#
Extracting a_17050_14464#
Extracting a_18018_14020#
Extracting a_18442_14464#
Extracting a_19410_14020#
Extracting a_19834_14464#
Extracting a_16804_14020#
Extracting a_18196_14020#
Extracting a_19588_14020#
Extracting a_16626_10020#
Extracting a_17050_10464#
Extracting a_18018_10020#
Extracting a_18442_10464#
Extracting a_19410_10020#
Extracting a_19834_10464#
Extracting a_16804_10020#
Extracting a_18196_10020#
Extracting a_19588_10020#
Extracting a_20490_26020#
Extracting a_20914_26464#
Extracting a_21882_26020#
Extracting a_22306_26464#
Extracting a_23274_26020#
Extracting a_23698_26464#
Extracting a_20548_17932#
Extracting a_20618_24730#
Extracting a_22010_24730#
Extracting a_23402_24730#
Extracting a_20490_22020#
Extracting a_20914_22464#
Extracting a_21882_22020#
Extracting a_22306_22464#
Extracting a_23274_22020#
Extracting a_23698_22464#
Extracting a_20618_20730#
Extracting a_22010_20730#
Extracting a_23402_20730#
Extracting a_20490_18020#
Extracting a_20914_18464#
Extracting a_21882_18020#
Extracting a_22306_18464#
Extracting a_23274_18020#
Extracting a_23698_18464#
Extracting a_20618_16730#
Extracting a_22010_16730#
Extracting a_23452_18020#
Extracting a_20490_14020#
Extracting a_20914_14464#
Extracting a_21882_14020#
Extracting a_22306_14464#
Extracting a_23274_14020#
Extracting a_23698_14464#
Extracting a_20668_14020#
Extracting a_22060_14020#
Extracting a_23452_14020#
Extracting a_20490_10020#
Extracting a_20914_10464#
Extracting a_21882_10020#
Extracting a_22306_10464#
Extracting a_23274_10020#
Extracting a_23698_10464#
Extracting a_20668_10020#
Extracting a_22060_10020#
Extracting a_23452_10020#
Extracting a_24354_26020#
Extracting a_24778_26464#
Extracting a_25746_26020#
Extracting a_26170_26464#
Extracting a_27138_26020#
Extracting a_27562_26464#
Extracting a_24482_24730#
Extracting a_25874_24730#
Extracting a_27266_24730#
Extracting a_24354_22020#
Extracting a_24778_22464#
Extracting a_25746_22020#
Extracting a_26170_22464#
Extracting a_27138_22020#
Extracting a_27562_22464#
Extracting a_24482_20730#
Extracting a_25874_20730#
Extracting a_27266_20730#
Extracting a_24354_18020#
Extracting a_24778_18464#
Extracting a_25746_18020#
Extracting a_26170_18464#
Extracting a_27138_18020#
Extracting a_27562_18464#
Extracting a_24482_16730#
Extracting a_25874_16730#
Extracting a_27316_18020#
Extracting a_24354_14020#
Extracting a_24778_14464#
Extracting a_25746_14020#
Extracting a_26170_14464#
Extracting a_27138_14020#
Extracting a_27562_14464#
Extracting a_24532_14020#
Extracting a_25924_14020#
Extracting a_27316_14020#
Extracting a_24354_10020#
Extracting a_24778_10464#
Extracting a_25746_10020#
Extracting a_26170_10464#
Extracting a_27138_10020#
Extracting a_27562_10464#
Extracting a_24532_10020#
Extracting a_25924_10020#
Extracting a_27316_10020#
Extracting a_28218_26020#
Extracting a_28642_26464#
Extracting a_29610_26020#
Extracting a_30034_26464#
Extracting a_31002_26020#
Extracting a_31426_26464#
Extracting a_28346_24730#
Extracting a_29738_24730#
Extracting a_31130_24730#
Extracting a_28218_22020#
Extracting a_28642_22464#
Extracting a_29610_22020#
Extracting a_30034_22464#
Extracting a_31002_22020#
Extracting a_31426_22464#
Extracting a_28346_20730#
Extracting a_29738_20730#
Extracting a_31130_20730#
Extracting a_28218_18020#
Extracting a_28642_18464#
Extracting a_29610_18020#
Extracting a_30034_18464#
Extracting a_31002_18020#
Extracting a_31426_18464#
Extracting a_28346_16730#
Extracting a_29738_16730#
Extracting a_31180_18020#
Extracting a_28218_14020#
Extracting a_28642_14464#
Extracting a_29610_14020#
Extracting a_30034_14464#
Extracting a_31002_14020#
Extracting a_31426_14464#
Extracting a_28396_14020#
Extracting a_29788_14020#
Extracting a_31180_14020#
Extracting a_28218_10020#
Extracting a_28642_10464#
Extracting a_29610_10020#
Extracting a_30034_10464#
Extracting a_31002_10020#
Extracting a_31426_10464#
Extracting a_28396_10020#
Extracting a_29788_10020#
Extracting a_31180_10020#
Total Nets: 3088
Nets extracted: 3053 (0.988666)
Nets output: 3053 (0.988666)
exttospice finished.
exttospice finished.
V3_ANALOG_INPUT_BASE_SPICE_i2=/home/jason-stone/tinytapeout-beamformer-v2-routefix/build/v3/analog_input_escapes/rc/input_i2_base.spice
V3_ANALOG_INPUT_RC_SPICE_i2=/home/jason-stone/tinytapeout-beamformer-v2-routefix/build/v3/analog_input_escapes/rc/input_i2_rc.spice
V3_ANALOG_INPUT_RES_EXT_i2=/home/jason-stone/tinytapeout-beamformer-v2-routefix/build/v3/analog_input_escapes/rc/v3_analog_input_rc_i2.res.ext
Root cell box:
           width x height  (   llx,  lly  ), (   urx,  ury  )  area (units^2)

microns:  334.880 x 225.760  ( 0.000,  0.000), ( 334.880,  225.760)  75602.500 
lambda:   33488.00 x 22576.00  (  0.00,  0.00 ), ( 33488.00,  22576.00)  756025088.00
internal:  66976 x 45152   (     0,  0    ), ( 66976,  45152)  3024100352
Root cell box:
           width x height  (   llx,  lly  ), (   urx,  ury  )

microns:   0.000 x 0.000   ( 94.300,  0.500), ( 94.300,  0.500)
lambda:     0.00 x 0.00    ( 9430.00,  50.00), ( 9430.00,  50.00)
internal:      0 x 0       ( 18860,  100  ), ( 18860,  100  )
Moving label "res:drive@" from space to via3 in cell v3_analog_input_rc_i3.
Moving label "res:force@" from space to via3 in cell v3_analog_input_rc_i3.
DRC style is now "drc(full)"
V3_ANALOG_INPUT_RC_DRC_COUNT_i3=0
Processing v3_analog_input_rc_i3
Extracting v3_analog_input_rc_i3 into v3_analog_input_rc_i3.ext:
v3_analog_input_rc_i3: 36 warnings
Total of 36 warnings.
V3_ANALOG_INPUT_RC_EXTRACTION_FEEDBACK_COUNT_i3=36
exttosim finished.
Root cell box:
           width x height  (   llx,  lly  ), (   urx,  ury  )  area (units^2)

microns:  334.880 x 225.760  ( 0.000,  0.000), ( 334.880,  225.760)  75602.500 
lambda:   33488.00 x 22576.00  (  0.00,  0.00 ), ( 33488.00,  22576.00)  756025088.00
internal:  66976 x 45152   (     0,  0    ), ( 66976,  45152)  3024100352
Note:  This option has been deprecated and is unused.
Extracting a_4129_22466#
Extracting w_16994_32855#
Extracting a_37747_43023#
Extracting a_38483_43023#
Extracting a_37913_43023#
Extracting a_38649_43023#
Extracting a_36385_38127#
Extracting a_39127_43023#
Extracting a_38285_42479#
Extracting a_39293_43023#
Extracting a_39861_43265#
Extracting a_39947_42997#
Extracting a_39643_43023#
Extracting a_40383_42997#
Extracting a_40208_43023#
Extracting a_41231_42997#
Extracting a_39548_43023#
Extracting a_39751_43389#
Extracting a_40370_43389#
Extracting a_39739_43023#
Extracting a_39905_43023#
Extracting a_36956_35095#
Extracting a_38005_41391#
Extracting a_42163_43023#
Extracting a_42329_43023#
Extracting a_42897_43265#
Extracting a_40379_35551#
Extracting a_42679_43023#
Extracting a_43419_42997#
Extracting a_43244_43023#
Extracting a_42584_43023#
Extracting a_42787_43389#
Extracting a_40317_43023#
Extracting a_40562_43023#
Extracting a_43406_43389#
Extracting a_42775_43023#
Extracting a_42941_43023#
Extracting a_42467_42650#
Extracting a_44095_43023#
Extracting a_44261_43023#
Extracting a_44829_43265#
Extracting a_44611_43023#
Extracting a_45351_42997#
Extracting a_45176_43023#
Extracting a_44516_43023#
Extracting a_44719_43389#
Extracting a_43353_43023#
Extracting a_43598_43023#
Extracting a_45338_43389#
Extracting a_44707_43023#
Extracting a_44873_43023#
Extracting a_44399_42650#
Extracting a_46027_43023#
Extracting a_46193_43023#
Extracting a_46761_43265#
Extracting a_46543_43023#
Extracting a_47283_42997#
Extracting a_47108_43023#
Extracting a_47959_43023#
Extracting a_46448_43023#
Extracting a_46651_43389#
Extracting a_45285_43023#
Extracting a_45530_43023#
Extracting a_47270_43389#
Extracting a_46639_43023#
Extracting a_46805_43023#
Extracting a_46331_42650#
Extracting a_48125_43023#
Extracting a_47217_43023#
Extracting a_47462_43023#
Extracting a_36999_42453#
Extracting a_37085_35951#
Extracting a_37605_42518#
Extracting a_37042_34863#
Extracting a_37859_42518#
Extracting a_38532_42711#
Extracting a_38005_40847#
Extracting a_38740_42747#
Extracting a_37851_36647#
Extracting a_38961_42777#
Extracting a_39544_42711#
Extracting a_37029_38127#
Extracting a_39752_42747#
Extracting a_39759_42492#
Extracting a_39973_42777#
Extracting a_40495_42453#
Extracting a_41519_42479#
Extracting a_37029_42479#
Extracting a_42163_42485#
Extracting a_42329_42485#
Extracting a_42897_42453#
Extracting a_42679_42857#
Extracting a_43419_42783#
Extracting a_43244_42857#
Extracting a_44095_42485#
Extracting a_44261_42485#
Extracting a_44829_42453#
Extracting a_44611_42857#
Extracting a_45351_42783#
Extracting a_45176_42857#
Extracting a_46027_42485#
Extracting a_46193_42485#
Extracting a_46761_42453#
Extracting a_46543_42857#
Extracting a_47283_42783#
Extracting a_47108_42857#
Extracting a_49483_42453#
Extracting a_49686_42611#
Extracting a_50003_42721#
Extracting a_49964_42595#
Extracting a_50159_42453#
Extracting a_50090_42479#
Extracting a_50784_42453#
Extracting a_51412_42711#
Extracting a_48677_39759#
Extracting a_51620_42747#
Extracting a_51841_42777#
Extracting a_52335_42453#
Extracting a_52538_42611#
Extracting a_48125_41935#
Extracting a_52855_42721#
Extracting a_52816_42595#
Extracting a_53011_42453#
Extracting a_52942_42479#
Extracting a_53636_42453#
Extracting a_54264_42711#
Extracting a_36661_41391#
Extracting a_54479_42492#
Extracting a_54693_42777#
Extracting a_56843_42453#
Extracting a_57046_42611#
Extracting a_57363_42721#
Extracting a_57324_42595#
Extracting a_57519_42453#
Extracting a_57450_42479#
Extracting a_58144_42453#
Extracting a_58772_42711#
Extracting a_59201_42777#
Extracting a_59695_42453#
Extracting a_59898_42611#
Extracting a_60215_42721#
Extracting a_60176_42595#
Extracting a_60371_42453#
Extracting a_60302_42479#
Extracting a_60996_42453#
Extracting a_61624_42711#
Extracting a_62053_42777#
Extracting a_37859_42845#
Extracting a_38080_42845#
Extracting a_17388_36681#
Extracting a_38674_42845#
Extracting a_38895_42845#
Extracting a_17204_37145#
Extracting a_37787_42518#
Extracting a_38073_42518#
Extracting a_39686_42845#
Extracting a_39907_42845#
Extracting a_38674_42518#
Extracting a_38991_42518#
Extracting a_41685_42479#
Extracting a_42584_42845#
Extracting a_42775_42857#
Extracting a_39686_42518#
Extracting a_40003_42518#
Extracting a_42941_42845#
Extracting a_43353_42857#
Extracting a_43598_42845#
Extracting a_42787_42479#
Extracting a_36447_40849#
Extracting a_44516_42845#
Extracting a_44707_42857#
Extracting a_43406_42479#
Extracting a_44873_42845#
Extracting a_45285_42857#
Extracting a_45530_42845#
Extracting a_44719_42479#
Extracting a_41224_41659#
Extracting a_46448_42845#
Extracting a_46639_42857#
Extracting a_45338_42479#
Extracting a_46805_42845#
Extracting a_47217_42857#
Extracting a_47462_42845#
Extracting a_46651_42479#
Extracting a_42696_37557#
Extracting a_49721_42845#
Extracting a_49961_42845#
Extracting a_47270_42479#
Extracting a_50397_42845#
Extracting a_50469_42845#
Extracting a_50722_42479#
Extracting a_49920_42479#
Extracting a_51554_42845#
Extracting a_51775_42845#
Extracting a_50304_42479#
Extracting a_52573_42845#
Extracting a_52813_42845#
Extracting a_51554_42518#
Extracting a_51871_42518#
Extracting a_53249_42845#
Extracting a_53321_42845#
Extracting a_53574_42479#
Extracting a_52772_42479#
Extracting a_54406_42845#
Extracting a_54627_42845#
Extracting a_53156_42479#
Extracting a_57081_42845#
Extracting a_57321_42845#
Extracting a_54406_42518#
Extracting a_54723_42518#
Extracting a_57757_42845#
Extracting a_57829_42845#
Extracting a_58082_42479#
Extracting a_57280_42479#
Extracting a_58914_42845#
Extracting a_59135_42845#
Extracting a_57664_42479#
Extracting a_59933_42845#
Extracting a_60173_42845#
Extracting a_58914_42518#
Extracting a_59231_42518#
Extracting a_60609_42845#
Extracting a_60681_42845#
Extracting a_60934_42479#
Extracting a_60132_42479#
Extracting a_61766_42845#
Extracting a_61987_42845#
Extracting a_60516_42479#
Extracting a_61766_42518#
Extracting a_62083_42518#
Extracting a_37747_41935#
Extracting a_38532_42087#
Extracting a_39544_42087#
Extracting a_40469_41909#
Extracting a_41108_42087#
Extracting a_37913_41935#
Extracting a_17388_35593#
Extracting a_17204_36057#
Extracting a_38089_40623#
Extracting a_38740_41909#
Extracting a_38961_41909#
Extracting a_38674_42262#
Extracting a_38991_42262#
Extracting a_39759_41129#
Extracting a_39752_41909#
Extracting a_39973_41909#
Extracting a_39686_42262#
Extracting a_40003_42262#
Extracting a_40304_34293#
Extracting a_38674_41935#
Extracting a_38895_41935#
Extracting a_41059_41935#
Extracting a_40639_42087#
Extracting a_37795_40535#
Extracting a_40597_42185#
Extracting a_42163_41935#
Extracting a_42329_41935#
Extracting a_42897_42177#
Extracting a_42679_41935#
Extracting a_43419_41909#
Extracting a_43244_41935#
Extracting a_38285_34863#
Extracting a_41316_41909#
Extracting a_41537_41909#
Extracting a_41250_42262#
Extracting a_41567_42262#
Extracting a_39686_41935#
Extracting a_39907_41935#
Extracting a_42584_41935#
Extracting a_42787_42301#
Extracting a_41250_41935#
Extracting a_41471_41935#
Extracting a_43406_42301#
Extracting a_42775_41935#
Extracting a_42941_41935#
Extracting a_42467_41562#
Extracting a_44095_41935#
Extracting a_44261_41935#
Extracting a_44829_42177#
Extracting a_44611_41935#
Extracting a_45351_41909#
Extracting a_45176_41935#
Extracting a_44516_41935#
Extracting a_44719_42301#
Extracting a_43353_41935#
Extracting a_43598_41935#
Extracting a_45338_42301#
Extracting a_44707_41935#
Extracting a_44873_41935#
Extracting a_44399_41562#
Extracting a_46027_41935#
Extracting a_46193_41935#
Extracting a_46761_42177#
Extracting a_46543_41935#
Extracting a_47283_41909#
Extracting a_47108_41935#
Extracting a_47959_41935#
Extracting a_49483_41909#
Extracting a_49686_42187#
Extracting a_49964_42203#
Extracting a_50003_42077#
Extracting a_50159_42172#
Extracting a_50090_42301#
Extracting a_50784_42184#
Extracting a_46448_41935#
Extracting a_46651_42301#
Extracting a_45285_41935#
Extracting a_45530_41935#
Extracting a_47270_42301#
Extracting a_46639_41935#
Extracting a_46805_41935#
Extracting a_46331_41562#
Extracting a_49920_42301#
Extracting a_47217_41935#
Extracting a_47462_41935#
Extracting a_50304_42301#
Extracting a_50722_42301#
Extracting a_51412_42087#
Extracting a_52579_42262#
Extracting a_49721_41935#
Extracting a_49961_41935#
Extracting a_50397_41935#
Extracting a_50469_41935#
Extracting a_51620_41909#
Extracting a_51841_41909#
Extracting a_52325_42262#
Extracting a_51554_42262#
Extracting a_51871_42262#
Extracting a_52507_42262#
Extracting a_52793_42262#
Extracting a_53005_41935#
Extracting a_53203_41935#
Extracting a_53369_41935#
Extracting a_53937_42177#
Extracting a_53719_41935#
Extracting a_54459_41909#
Extracting a_54284_41935#
Extracting a_56843_41909#
Extracting a_57046_42187#
Extracting a_57324_42203#
Extracting a_57363_42077#
Extracting a_57519_42172#
Extracting a_57450_42301#
Extracting a_58144_42184#
Extracting a_53624_41935#
Extracting a_53827_42301#
Extracting a_51554_41935#
Extracting a_51775_41935#
Extracting a_52579_41935#
Extracting a_52800_41935#
Extracting a_54446_42301#
Extracting a_53815_41935#
Extracting a_53981_41935#
Extracting a_57280_42301#
Extracting a_54393_41935#
Extracting a_54638_41935#
Extracting a_57664_42301#
Extracting a_58082_42301#
Extracting a_58772_42087#
Extracting a_59939_42262#
Extracting a_57081_41935#
Extracting a_57321_41935#
Extracting a_57757_41935#
Extracting a_57829_41935#
Extracting a_58980_41909#
Extracting a_59201_41909#
Extracting a_59685_42262#
Extracting a_58914_42262#
Extracting a_59231_42262#
Extracting a_59867_42262#
Extracting a_60153_42262#
Extracting a_60365_41935#
Extracting a_60563_41935#
Extracting a_60729_41935#
Extracting a_61297_42177#
Extracting a_61079_41935#
Extracting a_61819_41909#
Extracting a_61644_41935#
Extracting a_60984_41935#
Extracting a_61187_42301#
Extracting a_58914_41935#
Extracting a_59135_41935#
Extracting a_59939_41935#
Extracting a_60160_41935#
Extracting a_61806_42301#
Extracting a_61175_41935#
Extracting a_61341_41935#
Extracting a_61753_41935#
Extracting a_61998_41935#
Extracting a_36631_41365#
Extracting a_37195_41391#
Extracting a_37839_41391#
Extracting a_38532_41623#
Extracting a_38740_41659#
Extracting a_38961_41689#
Extracting a_39544_41623#
Extracting a_39752_41659#
Extracting a_38285_37039#
Extracting a_39973_41689#
Extracting a_41016_41623#
Extracting a_41445_41689#
Extracting a_42163_41397#
Extracting a_42329_41397#
Extracting a_42897_41365#
Extracting a_42679_41769#
Extracting a_43419_41695#
Extracting a_43244_41769#
Extracting a_44095_41397#
Extracting a_44261_41397#
Extracting a_44829_41365#
Extracting a_44611_41769#
Extracting a_45351_41695#
Extracting a_45176_41769#
Extracting a_46027_41397#
Extracting a_46193_41397#
Extracting a_46761_41365#
Extracting a_46543_41769#
Extracting a_47283_41695#
Extracting a_47108_41769#
Extracting a_49483_41365#
Extracting a_49686_41523#
Extracting a_50003_41633#
Extracting a_49964_41507#
Extracting a_50159_41365#
Extracting a_50090_41391#
Extracting a_50784_41365#
Extracting a_51412_41623#
Extracting a_51620_41659#
Extracting a_51841_41689#
Extracting a_52335_41365#
Extracting a_52538_41523#
Extracting a_52855_41633#
Extracting a_52816_41507#
Extracting a_53011_41365#
Extracting a_52942_41391#
Extracting a_53636_41365#
Extracting a_54264_41623#
Extracting a_54479_41404#
Extracting a_54693_41689#
Extracting a_56916_41623#
Extracting a_57012_41365#
Extracting a_57148_41391#
Extracting a_57472_41669#
Extracting a_57556_41365#
Extracting a_57640_41705#
Extracting a_57776_41757#
Extracting a_58298_41621#
Extracting a_58864_41623#
Extracting a_59293_41689#
Extracting a_59860_41623#
Extracting a_59956_41365#
Extracting a_60092_41391#
Extracting a_60416_41669#
Extracting a_60500_41365#
Extracting a_60584_41705#
Extracting a_60720_41757#
Extracting a_61242_41621#
Extracting a_61808_41623#
Extracting a_62237_41689#
Extracting a_37361_41391#
Extracting a_17388_34505#
Extracting a_38674_41757#
Extracting a_38895_41757#
Extracting a_17204_34969#
Extracting a_39686_41757#
Extracting a_39907_41757#
Extracting a_38674_41430#
Extracting a_38991_41430#
Extracting a_40967_41391#
Extracting a_41158_41757#
Extracting a_41379_41757#
Extracting a_39686_41430#
Extracting a_40003_41430#
Extracting a_42584_41757#
Extracting a_42775_41769#
Extracting a_42941_41757#
Extracting a_41158_41430#
Extracting a_41475_41430#
Extracting a_43353_41769#
Extracting a_43598_41757#
Extracting a_42787_41391#
Extracting a_41141_40316#
Extracting a_44516_41757#
Extracting a_44707_41769#
Extracting a_43406_41391#
Extracting a_44873_41757#
Extracting a_45285_41769#
Extracting a_45530_41757#
Extracting a_44719_41391#
Extracting a_46448_41757#
Extracting a_46639_41769#
Extracting a_45338_41391#
Extracting a_46805_41757#
Extracting a_47217_41769#
Extracting a_47462_41757#
Extracting a_46651_41391#
Extracting a_41751_34471#
Extracting a_49721_41757#
Extracting a_49961_41757#
Extracting a_47270_41391#
Extracting a_50397_41757#
Extracting a_50469_41757#
Extracting a_50722_41391#
Extracting a_49920_41391#
Extracting a_51554_41757#
Extracting a_51775_41757#
Extracting a_50304_41391#
Extracting a_52573_41757#
Extracting a_52813_41757#
Extracting a_51554_41430#
Extracting a_51871_41430#
Extracting a_53249_41757#
Extracting a_53321_41757#
Extracting a_53574_41391#
Extracting a_52772_41391#
Extracting a_54406_41757#
Extracting a_54627_41757#
Extracting a_53156_41391#
Extracting a_57354_41757#
Extracting a_57430_41757#
Extracting a_57598_41757#
Extracting a_57858_41757#
Extracting a_58044_41757#
Extracting a_58248_41391#
Extracting a_54406_41430#
Extracting a_54723_41430#
Extracting a_59006_41757#
Extracting a_59227_41757#
Extracting a_57514_41391#
Extracting a_57694_41391#
Extracting a_58044_41391#
Extracting a_60298_41757#
Extracting a_60374_41757#
Extracting a_60542_41757#
Extracting a_60802_41757#
Extracting a_60988_41757#
Extracting a_61192_41391#
Extracting a_59006_41430#
Extracting a_59323_41430#
Extracting a_61950_41757#
Extracting a_62171_41757#
Extracting a_60458_41391#
Extracting a_60638_41391#
Extracting a_60988_41391#
Extracting a_61950_41430#
Extracting a_62267_41430#
Extracting a_36307_40875#
Extracting a_37335_37557#
Extracting a_37839_40847#
Extracting a_38532_40999#
Extracting a_39544_40999#
Extracting a_40464_40999#
Extracting a_41343_41097#
Extracting a_17500_33453#
Extracting a_36585_40847#
Extracting a_17388_33417#
Extracting a_17204_33881#
Extracting a_38740_40821#
Extracting a_38961_40821#
Extracting a_38674_41174#
Extracting a_38991_41174#
Extracting a_36393_40875#
Extracting a_39752_40821#
Extracting a_39973_40821#
Extracting a_39686_41174#
Extracting a_40003_41174#
Extracting a_38674_40847#
Extracting a_38895_40847#
Extracting a_37661_37052#
Extracting a_37579_34319#
Extracting a_40893_40821#
Extracting a_40606_41174#
Extracting a_40923_41174#
Extracting a_39686_40847#
Extracting a_39907_40847#
Extracting a_41425_41097#
Extracting a_41593_41097#
Extracting a_41677_40847#
Extracting a_42163_40847#
Extracting a_42329_40847#
Extracting a_42897_41089#
Extracting a_42679_40847#
Extracting a_43419_40821#
Extracting a_43244_40847#
Extracting a_42584_40847#
Extracting a_42787_41213#
Extracting a_40606_40847#
Extracting a_40827_40847#
Extracting a_41593_40847#
Extracting a_43406_41213#
Extracting a_42775_40847#
Extracting a_42941_40847#
Extracting a_42467_40474#
Extracting a_44095_40847#
Extracting a_44261_40847#
Extracting a_44829_41089#
Extracting a_44611_40847#
Extracting a_45351_40821#
Extracting a_45176_40847#
Extracting a_44516_40847#
Extracting a_44719_41213#
Extracting a_43353_40847#
Extracting a_43598_40847#
Extracting a_45338_41213#
Extracting a_44707_40847#
Extracting a_44873_40847#
Extracting a_44399_40474#
Extracting a_46027_40847#
Extracting a_46193_40847#
Extracting a_46761_41089#
Extracting a_46543_40847#
Extracting a_47283_40821#
Extracting a_47108_40847#
Extracting a_49483_40821#
Extracting a_49686_41099#
Extracting a_49964_41115#
Extracting a_50003_40989#
Extracting a_50159_41084#
Extracting a_50090_41213#
Extracting a_50784_41096#
Extracting a_46448_40847#
Extracting a_46651_41213#
Extracting a_45285_40847#
Extracting a_45530_40847#
Extracting a_47270_41213#
Extracting a_46639_40847#
Extracting a_46805_40847#
Extracting a_46331_40474#
Extracting a_49920_41213#
Extracting a_47217_40847#
Extracting a_47462_40847#
Extracting a_50304_41213#
Extracting a_50722_41213#
Extracting a_51412_40999#
Extracting a_52579_41174#
Extracting a_49721_40847#
Extracting a_49961_40847#
Extracting a_50397_40847#
Extracting a_50469_40847#
Extracting a_51620_40821#
Extracting a_51841_40821#
Extracting a_52325_41174#
Extracting a_51554_41174#
Extracting a_51871_41174#
Extracting a_52507_41174#
Extracting a_52793_41174#
Extracting a_53005_40847#
Extracting a_53203_40847#
Extracting a_53369_40847#
Extracting a_53937_41089#
Extracting a_53719_40847#
Extracting a_54459_40821#
Extracting a_54284_40847#
Extracting a_56843_40821#
Extracting a_57046_41099#
Extracting a_57324_41115#
Extracting a_57363_40989#
Extracting a_57519_41084#
Extracting a_57450_41213#
Extracting a_58144_41096#
Extracting a_53624_40847#
Extracting a_53827_41213#
Extracting a_51554_40847#
Extracting a_51775_40847#
Extracting a_52579_40847#
Extracting a_52800_40847#
Extracting a_54446_41213#
Extracting a_53815_40847#
Extracting a_53981_40847#
Extracting a_57280_41213#
Extracting a_54393_40847#
Extracting a_54638_40847#
Extracting a_57664_41213#
Extracting a_58082_41213#
Extracting a_58772_40999#
Extracting a_59939_41174#
Extracting a_57081_40847#
Extracting a_57321_40847#
Extracting a_57757_40847#
Extracting a_57829_40847#
Extracting a_58980_40821#
Extracting a_59201_40821#
Extracting a_59685_41174#
Extracting a_58914_41174#
Extracting a_59231_41174#
Extracting a_59867_41174#
Extracting a_60153_41174#
Extracting a_60365_40847#
Extracting a_60563_40847#
Extracting a_60729_40847#
Extracting a_61297_41089#
Extracting a_61079_40847#
Extracting a_61819_40821#
Extracting a_61644_40847#
Extracting a_60984_40847#
Extracting a_61187_41213#
Extracting a_58914_40847#
Extracting a_59135_40847#
Extracting a_59939_40847#
Extracting a_60160_40847#
Extracting a_61806_41213#
Extracting a_61175_40847#
Extracting a_61341_40847#
Extracting a_61753_40847#
Extracting a_61998_40847#
Extracting a_18427_33198#
Extracting a_37183_40277#
Extracting a_37755_40303#
Extracting a_38532_40535#
Extracting a_38740_40571#
Extracting a_38961_40601#
Extracting a_39544_40535#
Extracting a_39752_40571#
Extracting a_39973_40601#
Extracting a_40917_40342#
Extracting a_41171_40342#
Extracting a_42163_40309#
Extracting a_42329_40309#
Extracting a_42897_40277#
Extracting a_42679_40681#
Extracting a_43419_40607#
Extracting a_43244_40681#
Extracting a_44095_40309#
Extracting a_44261_40309#
Extracting a_44829_40277#
Extracting a_44611_40681#
Extracting a_45351_40607#
Extracting a_45176_40681#
Extracting a_46027_40309#
Extracting a_46193_40309#
Extracting a_46761_40277#
Extracting a_46543_40681#
Extracting a_47283_40607#
Extracting a_47108_40681#
Extracting a_49483_40277#
Extracting a_49686_40435#
Extracting a_50003_40545#
Extracting a_49964_40419#
Extracting a_50159_40277#
Extracting a_50090_40303#
Extracting a_50784_40277#
Extracting a_51412_40535#
Extracting a_51620_40571#
Extracting a_51841_40601#
Extracting a_52335_40277#
Extracting a_52538_40435#
Extracting a_52855_40545#
Extracting a_52816_40419#
Extracting a_53011_40277#
Extracting a_52942_40303#
Extracting a_53636_40277#
Extracting a_54264_40535#
Extracting a_54479_40316#
Extracting a_54693_40601#
Extracting a_56843_40277#
Extracting a_57046_40435#
Extracting a_57363_40545#
Extracting a_57324_40419#
Extracting a_57519_40277#
Extracting a_57450_40303#
Extracting a_58144_40277#
Extracting a_58772_40535#
Extracting a_59201_40601#
Extracting a_59695_40277#
Extracting a_59898_40435#
Extracting a_60215_40545#
Extracting a_60176_40419#
Extracting a_60371_40277#
Extracting a_60302_40303#
Extracting a_60996_40277#
Extracting a_61624_40535#
Extracting a_62053_40601#
Extracting a_17507_33198#
Extracting a_36607_39455#
Extracting a_38005_40623#
Extracting a_21252_36681#
Extracting a_38674_40669#
Extracting a_38895_40669#
Extracting a_21068_37145#
Extracting a_37837_40303#
Extracting a_38005_40303#
Extracting a_39686_40669#
Extracting a_39907_40669#
Extracting a_38674_40342#
Extracting a_38991_40342#
Extracting a_41171_40669#
Extracting a_41392_40669#
Extracting a_39686_40342#
Extracting a_40003_40342#
Extracting a_40811_37796#
Extracting a_42584_40669#
Extracting a_42775_40681#
Extracting a_41099_40342#
Extracting a_41385_40342#
Extracting a_42941_40669#
Extracting a_43353_40681#
Extracting a_43598_40669#
Extracting a_42787_40303#
Extracting a_36875_38823#
Extracting a_44516_40669#
Extracting a_44707_40681#
Extracting a_43406_40303#
Extracting a_44873_40669#
Extracting a_45285_40681#
Extracting a_45530_40669#
Extracting a_44719_40303#
Extracting a_44327_39447#
Extracting a_46448_40669#
Extracting a_46639_40681#
Extracting a_45338_40303#
Extracting a_46805_40669#
Extracting a_47217_40681#
Extracting a_47462_40669#
Extracting a_46651_40303#
Extracting a_44327_38359#
Extracting a_49721_40669#
Extracting a_49961_40669#
Extracting a_47270_40303#
Extracting a_50397_40669#
Extracting a_50469_40669#
Extracting a_50722_40303#
Extracting a_49920_40303#
Extracting a_51554_40669#
Extracting a_51775_40669#
Extracting a_50304_40303#
Extracting a_52573_40669#
Extracting a_52813_40669#
Extracting a_51554_40342#
Extracting a_51871_40342#
Extracting a_53249_40669#
Extracting a_53321_40669#
Extracting a_53574_40303#
Extracting a_52772_40303#
Extracting a_54406_40669#
Extracting a_54627_40669#
Extracting a_53156_40303#
Extracting a_57081_40669#
Extracting a_57321_40669#
Extracting a_54406_40342#
Extracting a_54723_40342#
Extracting a_57757_40669#
Extracting a_57829_40669#
Extracting a_58082_40303#
Extracting a_57280_40303#
Extracting a_58914_40669#
Extracting a_59135_40669#
Extracting a_57664_40303#
Extracting a_59933_40669#
Extracting a_60173_40669#
Extracting a_58914_40342#
Extracting a_59231_40342#
Extracting a_60609_40669#
Extracting a_60681_40669#
Extracting a_60934_40303#
Extracting a_60132_40303#
Extracting a_61766_40669#
Extracting a_61987_40669#
Extracting a_60516_40303#
Extracting a_61766_40342#
Extracting a_62083_40342#
Extracting a_36327_39733#
Extracting a_36530_40011#
Extracting a_36808_40027#
Extracting a_36847_39901#
Extracting a_37003_39996#
Extracting a_36934_40125#
Extracting a_36721_37039#
Extracting a_36764_40125#
Extracting a_37148_40125#
Extracting a_37566_40125#
Extracting a_38532_39911#
Extracting a_39544_39911#
Extracting a_40467_39733#
Extracting a_40670_40011#
Extracting a_40948_40027#
Extracting a_40987_39901#
Extracting a_41143_39996#
Extracting a_41074_40125#
Extracting a_41768_40008#
Extracting a_36565_39759#
Extracting a_36805_39759#
Extracting a_21252_35593#
Extracting a_37241_39759#
Extracting a_37313_39759#
Extracting a_21068_36057#
Extracting a_38740_39733#
Extracting a_38961_39733#
Extracting a_38674_40086#
Extracting a_38991_40086#
Extracting a_39752_39733#
Extracting a_39973_39733#
Extracting a_39686_40086#
Extracting a_40003_40086#
Extracting a_38674_39759#
Extracting a_38895_39759#
Extracting a_40904_40125#
Extracting a_39686_39759#
Extracting a_39907_39759#
Extracting a_41288_40125#
Extracting a_41706_40125#
Extracting a_42347_39759#
Extracting a_42149_37039#
Extracting a_42513_39759#
Extracting a_43081_40001#
Extracting a_42863_39759#
Extracting a_43603_39733#
Extracting a_43428_39759#
Extracting a_44339_39944#
Extracting a_45095_39733#
Extracting a_45431_39733#
Extracting a_46027_39759#
Extracting a_48511_39759#
Extracting a_49483_39733#
Extracting a_49686_40011#
Extracting a_49964_40027#
Extracting a_50003_39901#
Extracting a_50159_39996#
Extracting a_50090_40125#
Extracting a_50784_40008#
Extracting a_40705_39759#
Extracting a_40945_39759#
Extracting a_42768_39759#
Extracting a_42971_40125#
Extracting a_41381_39759#
Extracting a_41453_39759#
Extracting a_43590_40125#
Extracting a_42959_39759#
Extracting a_43125_39759#
Extracting a_42613_36724#
Extracting a_43432_35381#
Extracting a_44369_40009#
Extracting a_44725_40009#
Extracting a_43918_36041#
Extracting a_46193_39759#
Extracting a_49920_40125#
Extracting a_43537_39759#
Extracting a_43782_39759#
Extracting a_44557_39759#
Extracting a_50304_40125#
Extracting a_50722_40125#
Extracting a_51412_39911#
Extracting a_52579_40086#
Extracting a_49721_39759#
Extracting a_49961_39759#
Extracting a_50397_39759#
Extracting a_50469_39759#
Extracting a_51620_39733#
Extracting a_51841_39733#
Extracting a_52325_40086#
Extracting a_51554_40086#
Extracting a_51871_40086#
Extracting a_52507_40086#
Extracting a_52793_40086#
Extracting a_53005_39759#
Extracting a_53203_39759#
Extracting a_53369_39759#
Extracting a_53937_40001#
Extracting a_53719_39759#
Extracting a_54459_39733#
Extracting a_54284_39759#
Extracting a_56843_39733#
Extracting a_57046_40011#
Extracting a_57324_40027#
Extracting a_57363_39901#
Extracting a_57519_39996#
Extracting a_57450_40125#
Extracting a_58144_40008#
Extracting a_53624_39759#
Extracting a_53827_40125#
Extracting a_51554_39759#
Extracting a_51775_39759#
Extracting a_52579_39759#
Extracting a_52800_39759#
Extracting a_54446_40125#
Extracting a_53815_39759#
Extracting a_53981_39759#
Extracting a_57280_40125#
Extracting a_54393_39759#
Extracting a_54638_39759#
Extracting a_57664_40125#
Extracting a_58082_40125#
Extracting a_58772_39911#
Extracting a_59939_40086#
Extracting a_57081_39759#
Extracting a_57321_39759#
Extracting a_57757_39759#
Extracting a_57829_39759#
Extracting a_58980_39733#
Extracting a_59201_39733#
Extracting a_59685_40086#
Extracting a_58914_40086#
Extracting a_59231_40086#
Extracting a_59867_40086#
Extracting a_60153_40086#
Extracting a_60365_39759#
Extracting a_60563_39759#
Extracting a_60729_39759#
Extracting a_61297_40001#
Extracting a_61079_39759#
Extracting a_61819_39733#
Extracting a_61644_39759#
Extracting a_60984_39759#
Extracting a_61187_40125#
Extracting a_58914_39759#
Extracting a_59135_39759#
Extracting a_59939_39759#
Extracting a_60160_39759#
Extracting a_61806_40125#
Extracting a_61175_39759#
Extracting a_61341_39759#
Extracting a_61753_39759#
Extracting a_61998_39759#
Extracting a_36327_39189#
Extracting a_36530_39347#
Extracting a_36847_39457#
Extracting a_36808_39331#
Extracting a_37003_39189#
Extracting a_36934_39215#
Extracting a_37029_37039#
Extracting a_38532_39447#
Extracting a_38740_39483#
Extracting a_38961_39513#
Extracting a_39544_39447#
Extracting a_39752_39483#
Extracting a_39759_39228#
Extracting a_39973_39513#
Extracting a_40467_39189#
Extracting a_40670_39347#
Extracting a_40987_39457#
Extracting a_40948_39331#
Extracting a_41143_39189#
Extracting a_41074_39215#
Extracting a_42347_39221#
Extracting a_42651_39386#
Extracting a_42513_39221#
Extracting a_43081_39189#
Extracting a_42863_39593#
Extracting a_43603_39519#
Extracting a_43428_39593#
Extracting a_36425_35381#
Extracting a_44287_39215#
Extracting a_37639_36495#
Extracting a_45015_39215#
Extracting a_42347_38127#
Extracting a_45195_39215#
Extracting a_45719_39447#
Extracting a_46289_39447#
Extracting a_44621_38447#
Extracting a_44621_39535#
Extracting a_49483_39189#
Extracting a_49686_39347#
Extracting a_50003_39457#
Extracting a_49964_39331#
Extracting a_50159_39189#
Extracting a_50090_39215#
Extracting a_50784_39189#
Extracting a_51412_39447#
Extracting a_51620_39483#
Extracting a_51841_39513#
Extracting a_52335_39189#
Extracting a_52538_39347#
Extracting a_52855_39457#
Extracting a_52816_39331#
Extracting a_53011_39189#
Extracting a_52942_39215#
Extracting a_53636_39189#
Extracting a_54264_39447#
Extracting a_54479_39228#
Extracting a_54693_39513#
Extracting a_56916_39447#
Extracting a_57012_39189#
Extracting a_57148_39215#
Extracting a_57472_39493#
Extracting a_57556_39189#
Extracting a_57640_39529#
Extracting a_57776_39581#
Extracting a_58298_39445#
Extracting a_58864_39447#
Extracting a_59293_39513#
Extracting a_59860_39447#
Extracting a_59956_39189#
Extracting a_60092_39215#
Extracting a_60416_39493#
Extracting a_60500_39189#
Extracting a_60584_39529#
Extracting a_60720_39581#
Extracting a_61242_39445#
Extracting a_61808_39447#
Extracting a_62237_39513#
Extracting a_36565_39581#
Extracting a_36805_39581#
Extracting a_37241_39581#
Extracting a_37313_39581#
Extracting a_37566_39215#
Extracting a_36764_39215#
Extracting a_21252_34505#
Extracting a_38674_39581#
Extracting a_38895_39581#
Extracting a_21068_34969#
Extracting a_37148_39215#
Extracting a_39686_39581#
Extracting a_39907_39581#
Extracting a_38674_39254#
Extracting a_38991_39254#
Extracting a_40705_39581#
Extracting a_40945_39581#
Extracting a_39686_39254#
Extracting a_40003_39254#
Extracting a_41381_39581#
Extracting a_41453_39581#
Extracting a_41706_39215#
Extracting a_40904_39215#
Extracting a_42768_39581#
Extracting a_42959_39593#
Extracting a_43125_39581#
Extracting a_41288_39215#
Extracting a_43537_39593#
Extracting a_43782_39581#
Extracting a_42971_39215#
Extracting a_42685_36611#
Extracting a_44537_39535#
Extracting a_45285_39581#
Extracting a_43590_39215#
Extracting a_44369_39215#
Extracting a_44537_39215#
Extracting a_42236_36219#
Extracting a_43156_34293#
Extracting a_45893_39553#
Extracting a_49721_39581#
Extracting a_49961_39581#
Extracting a_46452_39331#
Extracting a_50397_39581#
Extracting a_50469_39581#
Extracting a_50722_39215#
Extracting a_49920_39215#
Extracting a_51554_39581#
Extracting a_51775_39581#
Extracting a_50304_39215#
Extracting a_52573_39581#
Extracting a_52813_39581#
Extracting a_51554_39254#
Extracting a_51871_39254#
Extracting a_53249_39581#
Extracting a_53321_39581#
Extracting a_53574_39215#
Extracting a_52772_39215#
Extracting a_54406_39581#
Extracting a_54627_39581#
Extracting a_53156_39215#
Extracting a_57354_39581#
Extracting a_57430_39581#
Extracting a_57598_39581#
Extracting a_57858_39581#
Extracting a_58044_39581#
Extracting a_58248_39215#
Extracting a_54406_39254#
Extracting a_54723_39254#
Extracting a_59006_39581#
Extracting a_59227_39581#
Extracting a_57514_39215#
Extracting a_57694_39215#
Extracting a_58044_39215#
Extracting a_60298_39581#
Extracting a_60374_39581#
Extracting a_60542_39581#
Extracting a_60802_39581#
Extracting a_60988_39581#
Extracting a_61192_39215#
Extracting a_59006_39254#
Extracting a_59323_39254#
Extracting a_61950_39581#
Extracting a_62171_39581#
Extracting a_60458_39215#
Extracting a_60638_39215#
Extracting a_60988_39215#
Extracting a_61950_39254#
Extracting a_62267_39254#
Extracting a_36425_35078#
Extracting a_36835_38921#
Extracting a_37859_38998#
Extracting a_38532_38823#
Extracting a_39544_38823#
Extracting a_18420_33453#
Extracting a_36917_38921#
Extracting a_37085_38921#
Extracting a_37169_38671#
Extracting a_36427_36475#
Extracting a_37605_38998#
Extracting a_36721_37583#
Extracting a_37433_35665#
Extracting a_37787_38998#
Extracting a_38073_38998#
Extracting a_37085_38671#
Extracting a_38285_38671#
Extracting a_21252_33417#
Extracting a_21068_33881#
Extracting a_38740_38645#
Extracting a_38961_38645#
Extracting a_38674_38998#
Extracting a_38991_38998#
Extracting a_37859_38671#
Extracting a_38080_38671#
Extracting a_40415_38671#
Extracting a_39127_34319#
Extracting a_40581_38671#
Extracting a_41040_38645#
Extracting a_40864_38671#
Extracting a_41570_38885#
Extracting a_41420_39037#
Extracting a_41990_38671#
Extracting a_39752_38645#
Extracting a_39973_38645#
Extracting a_39686_38998#
Extracting a_40003_38998#
Extracting a_38674_38671#
Extracting a_38895_38671#
Extracting a_40769_38671#
Extracting a_40950_39037#
Extracting a_41344_39037#
Extracting a_41528_39037#
Extracting a_39686_38671#
Extracting a_39907_38671#
Extracting a_42439_38671#
Extracting a_42743_38884#
Extracting a_42605_38671#
Extracting a_43173_38913#
Extracting a_42955_38671#
Extracting a_43695_38645#
Extracting a_43520_38671#
Extracting a_43283_34319#
Extracting a_44511_38645#
Extracting a_44739_38671#
Extracting a_45443_38823#
Extracting a_46013_38823#
Extracting a_49483_38645#
Extracting a_49686_38923#
Extracting a_49964_38939#
Extracting a_50003_38813#
Extracting a_50159_38908#
Extracting a_50090_39037#
Extracting a_50784_38920#
Extracting a_42860_38671#
Extracting a_43063_39037#
Extracting a_40974_38671#
Extracting a_41184_38671#
Extracting a_41444_38671#
Extracting a_41612_38671#
Extracting a_41684_38671#
Extracting a_43682_39037#
Extracting a_43051_38671#
Extracting a_43217_38671#
Extracting a_44469_38921#
Extracting a_42953_34837#
Extracting a_44905_38671#
Extracting a_37829_38140#
Extracting a_45114_37735#
Extracting a_43629_38671#
Extracting a_43874_38671#
Extracting a_43609_37359#
Extracting a_43559_35407#
Extracting a_46176_38921#
Extracting a_49920_39037#
Extracting a_45617_38699#
Extracting a_50304_39037#
Extracting a_50722_39037#
Extracting a_51412_38823#
Extracting a_52579_38998#
Extracting a_49721_38671#
Extracting a_49961_38671#
Extracting a_50397_38671#
Extracting a_50469_38671#
Extracting a_51620_38645#
Extracting a_51841_38645#
Extracting a_52325_38998#
Extracting a_51554_38998#
Extracting a_51871_38998#
Extracting a_52507_38998#
Extracting a_52793_38998#
Extracting a_53005_38671#
Extracting a_53203_38671#
Extracting a_53369_38671#
Extracting a_53937_38913#
Extracting a_53719_38671#
Extracting a_54459_38645#
Extracting a_54284_38671#
Extracting a_56843_38645#
Extracting a_57046_38923#
Extracting a_57324_38939#
Extracting a_57363_38813#
Extracting a_57519_38908#
Extracting a_57450_39037#
Extracting a_58144_38920#
Extracting a_53624_38671#
Extracting a_53827_39037#
Extracting a_51554_38671#
Extracting a_51775_38671#
Extracting a_52579_38671#
Extracting a_52800_38671#
Extracting a_54446_39037#
Extracting a_53815_38671#
Extracting a_53981_38671#
Extracting a_57280_39037#
Extracting a_54393_38671#
Extracting a_54638_38671#
Extracting a_57664_39037#
Extracting a_58082_39037#
Extracting a_58772_38823#
Extracting a_59939_38998#
Extracting a_57081_38671#
Extracting a_57321_38671#
Extracting a_57757_38671#
Extracting a_57829_38671#
Extracting a_58980_38645#
Extracting a_59201_38645#
Extracting a_59685_38998#
Extracting a_58914_38998#
Extracting a_59231_38998#
Extracting a_59867_38998#
Extracting a_60153_38998#
Extracting a_60365_38671#
Extracting a_60563_38671#
Extracting a_60729_38671#
Extracting a_61297_38913#
Extracting a_61079_38671#
Extracting a_61819_38645#
Extracting a_61644_38671#
Extracting a_60984_38671#
Extracting a_61187_39037#
Extracting a_58914_38671#
Extracting a_59135_38671#
Extracting a_59939_38671#
Extracting a_60160_38671#
Extracting a_61806_39037#
Extracting a_61175_38671#
Extracting a_61341_38671#
Extracting a_61753_38671#
Extracting a_61998_38671#
Extracting a_36355_38101#
Extracting a_36999_38101#
Extracting a_37661_38140#
Extracting a_37605_38166#
Extracting a_37859_38166#
Extracting a_38532_38359#
Extracting a_37029_37583#
Extracting a_38740_38395#
Extracting a_38961_38425#
Extracting a_39544_38359#
Extracting a_39752_38395#
Extracting a_39759_38140#
Extracting a_39973_38425#
Extracting a_40467_38101#
Extracting a_40670_38259#
Extracting a_40987_38369#
Extracting a_40948_38243#
Extracting a_41143_38101#
Extracting a_41074_38127#
Extracting a_42399_38101#
Extracting a_42602_38259#
Extracting a_42919_38369#
Extracting a_42880_38243#
Extracting a_43075_38101#
Extracting a_43006_38127#
Extracting a_43359_37583#
Extracting a_36425_36166#
Extracting a_44287_38127#
Extracting a_48511_38127#
Extracting a_49483_38101#
Extracting a_49686_38259#
Extracting a_50003_38369#
Extracting a_49964_38243#
Extracting a_50159_38101#
Extracting a_50090_38127#
Extracting a_50784_38101#
Extracting a_51412_38359#
Extracting a_48677_38127#
Extracting a_51620_38395#
Extracting a_51841_38425#
Extracting a_52335_38101#
Extracting a_52538_38259#
Extracting a_52855_38369#
Extracting a_52816_38243#
Extracting a_53011_38101#
Extracting a_52942_38127#
Extracting a_53636_38101#
Extracting a_54264_38359#
Extracting a_54479_38140#
Extracting a_54693_38425#
Extracting a_56843_38101#
Extracting a_57046_38259#
Extracting a_57363_38369#
Extracting a_57324_38243#
Extracting a_57519_38101#
Extracting a_57450_38127#
Extracting a_58144_38101#
Extracting a_58772_38359#
Extracting a_59201_38425#
Extracting a_59695_38101#
Extracting a_59898_38259#
Extracting a_60215_38369#
Extracting a_60176_38243#
Extracting a_60371_38101#
Extracting a_60302_38127#
Extracting a_60996_38101#
Extracting a_61624_38359#
Extracting a_62053_38425#
Extracting a_37859_38493#
Extracting a_38080_38493#
Extracting a_38285_38127#
Extracting a_25116_36681#
Extracting a_38674_38493#
Extracting a_38895_38493#
Extracting a_24932_37145#
Extracting a_37787_38166#
Extracting a_38073_38166#
Extracting a_39686_38493#
Extracting a_39907_38493#
Extracting a_38674_38166#
Extracting a_38991_38166#
Extracting a_40705_38493#
Extracting a_40945_38493#
Extracting a_39686_38166#
Extracting a_40003_38166#
Extracting a_41381_38493#
Extracting a_41453_38493#
Extracting a_41706_38127#
Extracting a_40904_38127#
Extracting a_42637_38493#
Extracting a_42877_38493#
Extracting a_41288_38127#
Extracting a_43313_38493#
Extracting a_43385_38493#
Extracting a_43638_38127#
Extracting a_42836_38127#
Extracting a_44537_38447#
Extracting a_49721_38493#
Extracting a_49961_38493#
Extracting a_43220_38127#
Extracting a_44369_38127#
Extracting a_44537_38127#
Extracting a_50397_38493#
Extracting a_50469_38493#
Extracting a_50722_38127#
Extracting a_49920_38127#
Extracting a_51554_38493#
Extracting a_51775_38493#
Extracting a_50304_38127#
Extracting a_52573_38493#
Extracting a_52813_38493#
Extracting a_51554_38166#
Extracting a_51871_38166#
Extracting a_53249_38493#
Extracting a_53321_38493#
Extracting a_53574_38127#
Extracting a_52772_38127#
Extracting a_54406_38493#
Extracting a_54627_38493#
Extracting a_53156_38127#
Extracting a_57081_38493#
Extracting a_57321_38493#
Extracting a_54406_38166#
Extracting a_54723_38166#
Extracting a_57757_38493#
Extracting a_57829_38493#
Extracting a_58082_38127#
Extracting a_57280_38127#
Extracting a_58914_38493#
Extracting a_59135_38493#
Extracting a_57664_38127#
Extracting a_59933_38493#
Extracting a_60173_38493#
Extracting a_58914_38166#
Extracting a_59231_38166#
Extracting a_60609_38493#
Extracting a_60681_38493#
Extracting a_60934_38127#
Extracting a_60132_38127#
Extracting a_61766_38493#
Extracting a_61987_38493#
Extracting a_60516_38127#
Extracting a_61766_38166#
Extracting a_62083_38166#
Extracting a_36275_37949#
Extracting a_36455_37949#
Extracting a_36999_37557#
Extracting a_37859_37910#
Extracting a_38532_37735#
Extracting a_39544_37735#
Extracting a_37605_37910#
Extracting a_37829_37812#
Extracting a_37579_34863#
Extracting a_37787_37910#
Extracting a_38073_37910#
Extracting a_36545_37583#
Extracting a_38285_37583#
Extracting a_25116_35593#
Extracting a_24932_36057#
Extracting a_38740_37557#
Extracting a_38961_37557#
Extracting a_38674_37910#
Extracting a_38991_37910#
Extracting a_37859_37583#
Extracting a_38080_37583#
Extracting a_40507_37583#
Extracting a_40673_37583#
Extracting a_41241_37825#
Extracting a_41023_37583#
Extracting a_41763_37557#
Extracting a_41588_37583#
Extracting a_42488_37735#
Extracting a_43408_37735#
Extracting a_44339_37735#
Extracting a_44909_37735#
Extracting a_49483_37557#
Extracting a_49686_37835#
Extracting a_49964_37851#
Extracting a_50003_37725#
Extracting a_50159_37820#
Extracting a_50090_37949#
Extracting a_50784_37832#
Extracting a_39759_36777#
Extracting a_39752_37557#
Extracting a_39973_37557#
Extracting a_39686_37910#
Extracting a_40003_37910#
Extracting a_38674_37583#
Extracting a_38895_37583#
Extracting a_40928_37583#
Extracting a_41131_37949#
Extracting a_39686_37583#
Extracting a_39907_37583#
Extracting a_41750_37949#
Extracting a_41119_37583#
Extracting a_41285_37583#
Extracting a_42917_37557#
Extracting a_42630_37910#
Extracting a_42947_37910#
Extracting a_41697_37583#
Extracting a_41942_37583#
Extracting a_42613_37052#
Extracting a_43504_37735#
Extracting a_42445_36469#
Extracting a_43837_37557#
Extracting a_43550_37910#
Extracting a_43867_37910#
Extracting a_42630_37583#
Extracting a_42851_37583#
Extracting a_43550_37583#
Extracting a_43771_37583#
Extracting a_42321_35183#
Extracting a_45072_37833#
Extracting a_49920_37949#
Extracting a_44513_37611#
Extracting a_50304_37949#
Extracting a_50722_37949#
Extracting a_51412_37735#
Extracting a_52579_37910#
Extracting a_49721_37583#
Extracting a_49961_37583#
Extracting a_50397_37583#
Extracting a_50469_37583#
Extracting a_51620_37557#
Extracting a_51841_37557#
Extracting a_52325_37910#
Extracting a_51554_37910#
Extracting a_51871_37910#
Extracting a_52507_37910#
Extracting a_52793_37910#
Extracting a_53005_37583#
Extracting a_53203_37583#
Extracting a_53369_37583#
Extracting a_53937_37825#
Extracting a_53719_37583#
Extracting a_54459_37557#
Extracting a_54284_37583#
Extracting a_56843_37557#
Extracting a_57046_37835#
Extracting a_57324_37851#
Extracting a_57363_37725#
Extracting a_57519_37820#
Extracting a_57450_37949#
Extracting a_58144_37832#
Extracting a_53624_37583#
Extracting a_53827_37949#
Extracting a_51554_37583#
Extracting a_51775_37583#
Extracting a_52579_37583#
Extracting a_52800_37583#
Extracting a_54446_37949#
Extracting a_53815_37583#
Extracting a_53981_37583#
Extracting a_57280_37949#
Extracting a_54393_37583#
Extracting a_54638_37583#
Extracting a_57664_37949#
Extracting a_58082_37949#
Extracting a_58772_37735#
Extracting a_59939_37910#
Extracting a_57081_37583#
Extracting a_57321_37583#
Extracting a_57757_37583#
Extracting a_57829_37583#
Extracting a_58980_37557#
Extracting a_59201_37557#
Extracting a_59685_37910#
Extracting a_58914_37910#
Extracting a_59231_37910#
Extracting a_59867_37910#
Extracting a_60153_37910#
Extracting a_60365_37583#
Extracting a_60563_37583#
Extracting a_60729_37583#
Extracting a_61297_37825#
Extracting a_61079_37583#
Extracting a_61819_37557#
Extracting a_61644_37583#
Extracting a_60984_37583#
Extracting a_61187_37949#
Extracting a_58914_37583#
Extracting a_59135_37583#
Extracting a_59939_37583#
Extracting a_60160_37583#
Extracting a_61806_37949#
Extracting a_61175_37583#
Extracting a_61341_37583#
Extracting a_61753_37583#
Extracting a_61998_37583#
Extracting a_36275_37039#
Extracting a_36455_37039#
Extracting a_36999_37013#
Extracting a_37605_37078#
Extracting a_37901_37307#
Extracting a_37452_34953#
Extracting a_37859_37078#
Extracting a_38532_37271#
Extracting a_38740_37307#
Extracting a_38961_37337#
Extracting a_39544_37271#
Extracting a_39752_37307#
Extracting a_39973_37337#
Extracting a_40415_37045#
Extracting a_40581_37045#
Extracting a_41149_37013#
Extracting a_40931_37417#
Extracting a_41671_37343#
Extracting a_41496_37417#
Extracting a_42389_37078#
Extracting a_42643_37078#
Extracting a_43275_37039#
Extracting a_43161_34863#
Extracting a_44044_37155#
Extracting a_41309_34319#
Extracting a_49483_37013#
Extracting a_49686_37171#
Extracting a_50003_37281#
Extracting a_49964_37155#
Extracting a_50159_37013#
Extracting a_50090_37039#
Extracting a_50784_37013#
Extracting a_51412_37271#
Extracting a_51620_37307#
Extracting a_51841_37337#
Extracting a_52335_37013#
Extracting a_52538_37171#
Extracting a_52855_37281#
Extracting a_52816_37155#
Extracting a_53011_37013#
Extracting a_52942_37039#
Extracting a_53636_37013#
Extracting a_54264_37271#
Extracting a_54479_37052#
Extracting a_54693_37337#
Extracting a_56916_37271#
Extracting a_57012_37013#
Extracting a_57148_37039#
Extracting a_57472_37317#
Extracting a_57556_37013#
Extracting a_57640_37353#
Extracting a_57776_37405#
Extracting a_58298_37269#
Extracting a_58864_37271#
Extracting a_59293_37337#
Extracting a_59860_37271#
Extracting a_59956_37013#
Extracting a_60092_37039#
Extracting a_60416_37317#
Extracting a_60500_37013#
Extracting a_60584_37353#
Extracting a_60720_37405#
Extracting a_61242_37269#
Extracting a_61808_37271#
Extracting a_62237_37337#
Extracting a_17108_37145#
Extracting a_18011_37021#
Extracting a_17059_36993#
Extracting a_18531_37359#
Extracting a_17689_32641#
Extracting a_18711_37359#
Extracting a_20972_37145#
Extracting a_21875_37021#
Extracting a_20923_36993#
Extracting a_22395_37359#
Extracting a_21553_32641#
Extracting a_22575_37359#
Extracting a_24836_37145#
Extracting a_25739_37021#
Extracting a_24787_36993#
Extracting a_26259_37359#
Extracting a_25417_32641#
Extracting a_26439_37359#
Extracting a_28700_37145#
Extracting a_29603_37021#
Extracting a_28651_36993#
Extracting a_30123_37359#
Extracting a_29281_32641#
Extracting a_30303_37359#
Extracting a_17243_36449#
Extracting a_17316_36967#
Extracting a_17537_36967#
Extracting a_17250_37320#
Extracting a_17567_37320#
Extracting a_16756_10376#
Extracting a_17250_36993#
Extracting a_17471_36993#
Extracting a_18097_37021#
Extracting a_16756_10782#
Extracting a_21107_36449#
Extracting a_21180_36967#
Extracting a_21401_36967#
Extracting a_21114_37320#
Extracting a_21431_37320#
Extracting a_18801_36993#
Extracting a_20620_10376#
Extracting a_21114_36993#
Extracting a_21335_36993#
Extracting a_21961_37021#
Extracting a_20620_10782#
Extracting a_24971_36449#
Extracting a_25044_36967#
Extracting a_25265_36967#
Extracting a_24978_37320#
Extracting a_25295_37320#
Extracting a_22665_36993#
Extracting a_24484_10376#
Extracting a_24978_36993#
Extracting a_25199_36993#
Extracting a_25825_37021#
Extracting a_24484_10782#
Extracting a_28796_37145#
Extracting a_28835_36449#
Extracting a_28908_36967#
Extracting a_29129_36967#
Extracting a_28842_37320#
Extracting a_29159_37320#
Extracting a_26529_36993#
Extracting a_28348_10376#
Extracting a_28842_36993#
Extracting a_29063_36993#
Extracting a_29689_37021#
Extracting a_28348_10782#
Extracting a_36545_37405#
Extracting a_37859_37405#
Extracting a_38080_37405#
Extracting a_30393_36993#
Extracting a_25116_34505#
Extracting a_38674_37405#
Extracting a_38895_37405#
Extracting a_24932_34969#
Extracting a_37787_37078#
Extracting a_38073_37078#
Extracting a_39686_37405#
Extracting a_39907_37405#
Extracting a_38674_37078#
Extracting a_38991_37078#
Extracting a_40836_37405#
Extracting a_41027_37417#
Extracting a_41193_37405#
Extracting a_39686_37078#
Extracting a_40003_37078#
Extracting a_41605_37417#
Extracting a_41850_37405#
Extracting a_41039_37039#
Extracting a_42643_37405#
Extracting a_42864_37405#
Extracting a_41658_37039#
Extracting a_43525_37359#
Extracting a_49721_37405#
Extracting a_49961_37405#
Extracting a_42571_37078#
Extracting a_42857_37078#
Extracting a_43357_37039#
Extracting a_43525_37039#
Extracting a_44126_37155#
Extracting a_50397_37405#
Extracting a_50469_37405#
Extracting a_50722_37039#
Extracting a_49920_37039#
Extracting a_51554_37405#
Extracting a_51775_37405#
Extracting a_50304_37039#
Extracting a_52573_37405#
Extracting a_52813_37405#
Extracting a_51554_37078#
Extracting a_51871_37078#
Extracting a_53249_37405#
Extracting a_53321_37405#
Extracting a_53574_37039#
Extracting a_52772_37039#
Extracting a_54406_37405#
Extracting a_54627_37405#
Extracting a_53156_37039#
Extracting a_57354_37405#
Extracting a_57430_37405#
Extracting a_57598_37405#
Extracting a_57858_37405#
Extracting a_58044_37405#
Extracting a_58248_37039#
Extracting a_54406_37078#
Extracting a_54723_37078#
Extracting a_59006_37405#
Extracting a_59227_37405#
Extracting a_57514_37039#
Extracting a_57694_37039#
Extracting a_58044_37039#
Extracting a_60298_37405#
Extracting a_60374_37405#
Extracting a_60542_37405#
Extracting a_60802_37405#
Extracting a_60988_37405#
Extracting a_61192_37039#
Extracting a_59006_37078#
Extracting a_59323_37078#
Extracting a_61950_37405#
Extracting a_62171_37405#
Extracting a_60458_37039#
Extracting a_60638_37039#
Extracting a_60988_37039#
Extracting a_61950_37078#
Extracting a_62267_37078#
Extracting a_36329_36469#
Extracting a_37387_36745#
Extracting a_37839_36861#
Extracting a_38019_36861#
Extracting a_38532_36647#
Extracting a_39544_36647#
Extracting a_17292_36681#
Extracting a_17721_36747#
Extracting a_18212_36681#
Extracting a_18641_36747#
Extracting a_21156_36681#
Extracting a_21585_36747#
Extracting a_22076_36681#
Extracting a_22505_36747#
Extracting a_25020_36681#
Extracting a_25449_36747#
Extracting a_25940_36681#
Extracting a_26369_36747#
Extracting a_28884_36681#
Extracting a_28980_36681#
Extracting a_29313_36747#
Extracting a_29804_36681#
Extracting a_30233_36747#
Extracting a_17255_32793#
Extracting a_17434_36815#
Extracting a_17655_36815#
Extracting a_18354_36815#
Extracting a_18575_36815#
Extracting a_17434_36488#
Extracting a_17751_36488#
Extracting a_21298_36815#
Extracting a_21519_36815#
Extracting a_18354_36488#
Extracting a_18671_36488#
Extracting a_22218_36815#
Extracting a_22439_36815#
Extracting a_21298_36488#
Extracting a_21615_36488#
Extracting a_25162_36815#
Extracting a_25383_36815#
Extracting a_22218_36488#
Extracting a_22535_36488#
Extracting a_26082_36815#
Extracting a_26303_36815#
Extracting a_25162_36488#
Extracting a_25479_36488#
Extracting a_29026_36815#
Extracting a_29247_36815#
Extracting a_26082_36488#
Extracting a_26399_36488#
Extracting a_29946_36815#
Extracting a_30167_36815#
Extracting a_29026_36488#
Extracting a_29343_36488#
Extracting a_36499_36647#
Extracting a_37195_36501#
Extracting a_36457_36745#
Extracting a_37469_36745#
Extracting a_29946_36488#
Extracting a_30263_36488#
Extracting a_38285_36495#
Extracting a_25116_33417#
Extracting a_24932_33881#
Extracting a_38740_36469#
Extracting a_38961_36469#
Extracting a_38674_36822#
Extracting a_38991_36822#
Extracting a_38109_36495#
Extracting a_40415_36495#
Extracting a_40581_36495#
Extracting a_41149_36737#
Extracting a_40931_36495#
Extracting a_41671_36469#
Extracting a_41496_36495#
Extracting a_42643_36822#
Extracting a_43327_36647#
Extracting a_43897_36647#
Extracting a_49483_36469#
Extracting a_49686_36747#
Extracting a_49964_36763#
Extracting a_50003_36637#
Extracting a_50159_36732#
Extracting a_50090_36861#
Extracting a_50784_36744#
Extracting a_39752_36469#
Extracting a_39973_36469#
Extracting a_39686_36822#
Extracting a_40003_36822#
Extracting a_38674_36495#
Extracting a_38895_36495#
Extracting a_40836_36495#
Extracting a_41039_36861#
Extracting a_39686_36495#
Extracting a_39907_36495#
Extracting a_41658_36861#
Extracting a_41027_36495#
Extracting a_41193_36495#
Extracting a_42389_36822#
Extracting a_42571_36822#
Extracting a_42857_36822#
Extracting a_41605_36495#
Extracting a_41850_36495#
Extracting a_42643_36495#
Extracting a_42864_36495#
Extracting a_37452_34293#
Extracting a_44060_36745#
Extracting a_49920_36861#
Extracting a_43501_36523#
Extracting a_50304_36861#
Extracting a_50722_36861#
Extracting a_51412_36647#
Extracting a_52579_36822#
Extracting a_49721_36495#
Extracting a_49961_36495#
Extracting a_50397_36495#
Extracting a_50469_36495#
Extracting a_51620_36469#
Extracting a_51841_36469#
Extracting a_52325_36822#
Extracting a_51554_36822#
Extracting a_51871_36822#
Extracting a_52507_36822#
Extracting a_52793_36822#
Extracting a_53005_36495#
Extracting a_53203_36495#
Extracting a_53369_36495#
Extracting a_53937_36737#
Extracting a_53719_36495#
Extracting a_54459_36469#
Extracting a_54284_36495#
Extracting a_56843_36469#
Extracting a_57046_36747#
Extracting a_57324_36763#
Extracting a_57363_36637#
Extracting a_57519_36732#
Extracting a_57450_36861#
Extracting a_58144_36744#
Extracting a_53624_36495#
Extracting a_53827_36861#
Extracting a_51554_36495#
Extracting a_51775_36495#
Extracting a_52579_36495#
Extracting a_52800_36495#
Extracting a_54446_36861#
Extracting a_53815_36495#
Extracting a_53981_36495#
Extracting a_57280_36861#
Extracting a_54393_36495#
Extracting a_54638_36495#
Extracting a_57664_36861#
Extracting a_58082_36861#
Extracting a_58772_36647#
Extracting a_59939_36822#
Extracting a_57081_36495#
Extracting a_57321_36495#
Extracting a_57757_36495#
Extracting a_57829_36495#
Extracting a_58980_36469#
Extracting a_59201_36469#
Extracting a_59685_36822#
Extracting a_58914_36822#
Extracting a_59231_36822#
Extracting a_59867_36822#
Extracting a_60153_36822#
Extracting a_60365_36495#
Extracting a_60563_36495#
Extracting a_60729_36495#
Extracting a_61297_36737#
Extracting a_61079_36495#
Extracting a_61819_36469#
Extracting a_61644_36495#
Extracting a_60984_36495#
Extracting a_61187_36861#
Extracting a_58914_36495#
Extracting a_59135_36495#
Extracting a_59939_36495#
Extracting a_60160_36495#
Extracting a_61806_36861#
Extracting a_61175_36495#
Extracting a_61341_36495#
Extracting a_61753_36495#
Extracting a_61998_36495#
Extracting a_36327_35925#
Extracting a_36503_36257#
Extracting a_36919_35951#
Extracting a_37839_35951#
Extracting a_38019_35951#
Extracting a_38543_36183#
Extracting a_39555_36183#
Extracting a_40099_35925#
Extracting a_40302_36083#
Extracting a_40619_36193#
Extracting a_40580_36067#
Extracting a_40775_35925#
Extracting a_40706_35951#
Extracting a_41059_34863#
Extracting a_42028_36183#
Extracting a_42457_36249#
Extracting a_42907_35951#
Extracting a_43713_36183#
Extracting a_49483_35925#
Extracting a_49686_36083#
Extracting a_50003_36193#
Extracting a_49964_36067#
Extracting a_50159_35925#
Extracting a_50090_35951#
Extracting a_50784_35925#
Extracting a_51412_36183#
Extracting a_51620_36219#
Extracting a_38771_35967#
Extracting a_51841_36249#
Extracting a_52335_35925#
Extracting a_52538_36083#
Extracting a_52855_36193#
Extracting a_52816_36067#
Extracting a_53011_35925#
Extracting a_52942_35951#
Extracting a_53636_35925#
Extracting a_54264_36183#
Extracting a_54479_35964#
Extracting a_54693_36249#
Extracting a_56843_35925#
Extracting a_57046_36083#
Extracting a_57363_36193#
Extracting a_57324_36067#
Extracting a_57519_35925#
Extracting a_57450_35951#
Extracting a_58144_35925#
Extracting a_58772_36183#
Extracting a_39783_35967#
Extracting a_59201_36249#
Extracting a_59695_35925#
Extracting a_59898_36083#
Extracting a_60215_36193#
Extracting a_60176_36067#
Extracting a_60371_35925#
Extracting a_60302_35951#
Extracting a_60996_35925#
Extracting a_61624_36183#
Extracting a_62053_36249#
Extracting a_17108_36057#
Extracting a_18011_35933#
Extracting a_17059_35905#
Extracting a_18531_36271#
Extracting a_18711_36271#
Extracting a_20972_36057#
Extracting a_21875_35933#
Extracting a_20923_35905#
Extracting a_22395_36271#
Extracting a_22575_36271#
Extracting a_24836_36057#
Extracting a_25739_35933#
Extracting a_24787_35905#
Extracting a_26259_36271#
Extracting a_26439_36271#
Extracting a_28700_36057#
Extracting a_29603_35933#
Extracting a_28651_35905#
Extracting a_30123_36271#
Extracting a_30303_36271#
Extracting a_17481_32899#
Extracting a_17243_35361#
Extracting a_17316_35879#
Extracting a_17537_35879#
Extracting a_17250_36232#
Extracting a_17567_36232#
Extracting a_16756_14376#
Extracting a_17250_35905#
Extracting a_17471_35905#
Extracting a_18097_35933#
Extracting a_16756_14782#
Extracting a_21107_35361#
Extracting a_21180_35879#
Extracting a_21401_35879#
Extracting a_21114_36232#
Extracting a_21431_36232#
Extracting a_18801_35905#
Extracting a_20620_14376#
Extracting a_21114_35905#
Extracting a_21335_35905#
Extracting a_21961_35933#
Extracting a_20620_14782#
Extracting a_24971_35361#
Extracting a_25044_35879#
Extracting a_25265_35879#
Extracting a_24978_36232#
Extracting a_25295_36232#
Extracting a_22665_35905#
Extracting a_24484_14376#
Extracting a_24978_35905#
Extracting a_25199_35905#
Extracting a_25825_35933#
Extracting a_24484_14782#
Extracting a_28796_36057#
Extracting a_28835_35361#
Extracting a_28908_35879#
Extracting a_29129_35879#
Extracting a_28842_36232#
Extracting a_29159_36232#
Extracting a_26529_35905#
Extracting a_28348_14376#
Extracting a_28842_35905#
Extracting a_29063_35905#
Extracting a_29689_35933#
Extracting a_28348_14782#
Extracting a_36455_36317#
Extracting a_30393_35905#
Extracting a_38109_36317#
Extracting a_38077_34837#
Extracting a_38717_36289#
Extracting a_37310_34471#
Extracting a_39729_36289#
Extracting a_39209_35951#
Extracting a_36425_34293#
Extracting a_40337_36317#
Extracting a_40577_36317#
Extracting a_41013_36317#
Extracting a_41085_36317#
Extracting a_41338_35951#
Extracting a_40536_35951#
Extracting a_41400_35656#
Extracting a_42170_36317#
Extracting a_42391_36317#
Extracting a_40920_35951#
Extracting a_43157_36271#
Extracting a_49721_36317#
Extracting a_49961_36317#
Extracting a_42170_35990#
Extracting a_42487_35990#
Extracting a_42989_35951#
Extracting a_43157_35951#
Extracting a_43876_36067#
Extracting a_50397_36317#
Extracting a_50469_36317#
Extracting a_50722_35951#
Extracting a_49920_35951#
Extracting a_51554_36317#
Extracting a_51775_36317#
Extracting a_50304_35951#
Extracting a_52573_36317#
Extracting a_52813_36317#
Extracting a_51554_35990#
Extracting a_51871_35990#
Extracting a_53249_36317#
Extracting a_53321_36317#
Extracting a_53574_35951#
Extracting a_52772_35951#
Extracting a_54406_36317#
Extracting a_54627_36317#
Extracting a_53156_35951#
Extracting a_57081_36317#
Extracting a_57321_36317#
Extracting a_54406_35990#
Extracting a_54723_35990#
Extracting a_57757_36317#
Extracting a_57829_36317#
Extracting a_58082_35951#
Extracting a_57280_35951#
Extracting a_58914_36317#
Extracting a_59135_36317#
Extracting a_57664_35951#
Extracting a_59933_36317#
Extracting a_60173_36317#
Extracting a_58914_35990#
Extracting a_59231_35990#
Extracting a_60609_36317#
Extracting a_60681_36317#
Extracting a_60934_35951#
Extracting a_60132_35951#
Extracting a_61766_36317#
Extracting a_61987_36317#
Extracting a_60516_35951#
Extracting a_61766_35990#
Extracting a_62083_35990#
Extracting a_36327_35381#
Extracting a_36503_35381#
Extracting a_37195_35773#
Extracting a_37375_35773#
Extracting a_37839_35773#
Extracting a_38019_35773#
Extracting a_38543_35559#
Extracting a_39555_35559#
Extracting a_40099_35381#
Extracting a_40302_35659#
Extracting a_40580_35675#
Extracting a_40619_35549#
Extracting a_40775_35644#
Extracting a_40706_35773#
Extracting a_17292_35593#
Extracting a_17721_35659#
Extracting a_18212_35593#
Extracting a_18641_35659#
Extracting a_21156_35593#
Extracting a_21585_35659#
Extracting a_22076_35593#
Extracting a_22505_35659#
Extracting a_25020_35593#
Extracting a_25449_35659#
Extracting a_25940_35593#
Extracting a_26369_35659#
Extracting a_28884_35593#
Extracting a_28980_35593#
Extracting a_29313_35659#
Extracting a_29804_35593#
Extracting a_30233_35659#
Extracting a_21345_32899#
Extracting a_17434_35727#
Extracting a_17655_35727#
Extracting a_18354_35727#
Extracting a_18575_35727#
Extracting a_17434_35400#
Extracting a_17751_35400#
Extracting a_21298_35727#
Extracting a_21519_35727#
Extracting a_18354_35400#
Extracting a_18671_35400#
Extracting a_22218_35727#
Extracting a_22439_35727#
Extracting a_21298_35400#
Extracting a_21615_35400#
Extracting a_25162_35727#
Extracting a_25383_35727#
Extracting a_22218_35400#
Extracting a_22535_35400#
Extracting a_26082_35727#
Extracting a_26303_35727#
Extracting a_25162_35400#
Extracting a_25479_35400#
Extracting a_29026_35727#
Extracting a_29247_35727#
Extracting a_26082_35400#
Extracting a_26399_35400#
Extracting a_29946_35727#
Extracting a_30167_35727#
Extracting a_29026_35400#
Extracting a_29343_35400#
Extracting a_29946_35400#
Extracting a_30263_35400#
Extracting a_37641_35407#
Extracting a_36455_35407#
Extracting a_37465_35407#
Extracting a_38771_35409#
Extracting a_38109_35407#
Extracting a_39783_35409#
Extracting a_38717_35435#
Extracting a_39213_35407#
Extracting a_40536_35773#
Extracting a_39729_35435#
Extracting a_40920_35773#
Extracting a_41338_35773#
Extracting a_42039_35592#
Extracting a_42793_35559#
Extracting a_43308_35657#
Extracting a_49483_35381#
Extracting a_49686_35659#
Extracting a_49964_35675#
Extracting a_50003_35549#
Extracting a_50159_35644#
Extracting a_50090_35773#
Extracting a_50784_35656#
Extracting a_40337_35407#
Extracting a_40577_35407#
Extracting a_41013_35407#
Extracting a_41085_35407#
Extracting a_42069_35657#
Extracting a_42425_35657#
Extracting a_40403_34876#
Extracting a_42956_35657#
Extracting a_43390_35657#
Extracting a_49920_35773#
Extracting a_42257_35407#
Extracting a_50304_35773#
Extracting a_50722_35773#
Extracting a_51412_35559#
Extracting a_52579_35734#
Extracting a_49721_35407#
Extracting a_49961_35407#
Extracting a_50397_35407#
Extracting a_50469_35407#
Extracting a_51620_35381#
Extracting a_51841_35381#
Extracting a_52325_35734#
Extracting a_51554_35734#
Extracting a_51871_35734#
Extracting a_52507_35734#
Extracting a_52793_35734#
Extracting a_53005_35407#
Extracting a_53203_35407#
Extracting a_53369_35407#
Extracting a_53937_35649#
Extracting a_53719_35407#
Extracting a_54459_35381#
Extracting a_54284_35407#
Extracting a_56843_35381#
Extracting a_57046_35659#
Extracting a_57324_35675#
Extracting a_57363_35549#
Extracting a_57519_35644#
Extracting a_57450_35773#
Extracting a_58144_35656#
Extracting a_53624_35407#
Extracting a_53827_35773#
Extracting a_51554_35407#
Extracting a_51775_35407#
Extracting a_52579_35407#
Extracting a_52800_35407#
Extracting a_54446_35773#
Extracting a_53815_35407#
Extracting a_53981_35407#
Extracting a_57280_35773#
Extracting a_54393_35407#
Extracting a_54638_35407#
Extracting a_57664_35773#
Extracting a_58082_35773#
Extracting a_58772_35559#
Extracting a_59939_35734#
Extracting a_57081_35407#
Extracting a_57321_35407#
Extracting a_57757_35407#
Extracting a_57829_35407#
Extracting a_58980_35381#
Extracting a_59201_35381#
Extracting a_59685_35734#
Extracting a_58914_35734#
Extracting a_59231_35734#
Extracting a_59867_35734#
Extracting a_60153_35734#
Extracting a_60365_35407#
Extracting a_60563_35407#
Extracting a_60729_35407#
Extracting a_61297_35649#
Extracting a_61079_35407#
Extracting a_61819_35381#
Extracting a_61644_35407#
Extracting a_60984_35407#
Extracting a_61187_35773#
Extracting a_58914_35407#
Extracting a_59135_35407#
Extracting a_59939_35407#
Extracting a_60160_35407#
Extracting a_61806_35773#
Extracting a_61175_35407#
Extracting a_61341_35407#
Extracting a_61753_35407#
Extracting a_61998_35407#
Extracting a_36327_34837#
Extracting a_36503_35169#
Extracting a_37328_34979#
Extracting a_37839_34863#
Extracting a_38019_34863#
Extracting a_38543_35095#
Extracting a_39549_34837#
Extracting a_17108_34969#
Extracting a_18011_34845#
Extracting a_17059_34817#
Extracting a_18531_35183#
Extracting a_18711_35183#
Extracting a_20972_34969#
Extracting a_21875_34845#
Extracting a_20923_34817#
Extracting a_22395_35183#
Extracting a_22575_35183#
Extracting a_24836_34969#
Extracting a_25739_34845#
Extracting a_24787_34817#
Extracting a_26259_35183#
Extracting a_26439_35183#
Extracting a_28700_34969#
Extracting a_29603_34845#
Extracting a_28651_34817#
Extracting a_30123_35183#
Extracting a_30303_35183#
Extracting a_25209_32899#
Extracting a_17243_34273#
Extracting a_17316_34791#
Extracting a_17537_34791#
Extracting a_17250_35144#
Extracting a_17567_35144#
Extracting a_16756_18782#
Extracting a_17250_34817#
Extracting a_17471_34817#
Extracting a_18097_34845#
Extracting a_16756_18376#
Extracting a_21107_34273#
Extracting a_21180_34791#
Extracting a_21401_34791#
Extracting a_21114_35144#
Extracting a_21431_35144#
Extracting a_18801_34817#
Extracting a_20620_18782#
Extracting a_21114_34817#
Extracting a_21335_34817#
Extracting a_21961_34845#
Extracting a_20620_18376#
Extracting a_24971_34273#
Extracting a_25044_34791#
Extracting a_25265_34791#
Extracting a_24978_35144#
Extracting a_25295_35144#
Extracting a_22665_34817#
Extracting a_24484_18782#
Extracting a_24978_34817#
Extracting a_25199_34817#
Extracting a_25825_34845#
Extracting a_24484_18376#
Extracting a_28796_34969#
Extracting a_28835_34273#
Extracting a_28908_34791#
Extracting a_29129_34791#
Extracting a_28842_35144#
Extracting a_29159_35144#
Extracting a_26529_34817#
Extracting a_28348_18782#
Extracting a_28842_34817#
Extracting a_29063_34817#
Extracting a_29689_34845#
Extracting a_28348_18376#
Extracting a_36455_35229#
Extracting a_30393_34817#
Extracting a_38109_35229#
Extracting a_37410_34979#
Extracting a_28980_34505#
Extracting a_38771_34879#
Extracting a_38717_35201#
Extracting a_39213_35183#
Extracting a_38077_34577#
Extracting a_39647_34877#
Extracting a_39719_34953#
Extracting a_40188_35095#
Extracting a_40617_35161#
Extracting a_41108_35095#
Extracting a_41316_35131#
Extracting a_41537_35161#
Extracting a_41987_34863#
Extracting a_42715_34863#
Extracting a_42895_34863#
Extracting a_43437_35095#
Extracting a_42045_34319#
Extracting a_49483_34837#
Extracting a_49686_34995#
Extracting a_50003_35105#
Extracting a_49964_34979#
Extracting a_50159_34837#
Extracting a_50090_34863#
Extracting a_50784_34837#
Extracting a_51412_35095#
Extracting a_51620_35131#
Extracting a_51841_35161#
Extracting a_52335_34837#
Extracting a_52538_34995#
Extracting a_52855_35105#
Extracting a_52816_34979#
Extracting a_53011_34837#
Extracting a_52942_34863#
Extracting a_53636_34837#
Extracting a_54264_35095#
Extracting a_54479_34876#
Extracting a_54693_35161#
Extracting a_56916_35095#
Extracting a_57012_34837#
Extracting a_57148_34863#
Extracting a_57472_35141#
Extracting a_57556_34837#
Extracting a_57640_35177#
Extracting a_57776_35229#
Extracting a_58298_35093#
Extracting a_58864_35095#
Extracting a_59293_35161#
Extracting a_59860_35095#
Extracting a_59956_34837#
Extracting a_60092_34863#
Extracting a_60416_35141#
Extracting a_60500_34837#
Extracting a_60584_35177#
Extracting a_60720_35229#
Extracting a_61242_35093#
Extracting a_61808_35095#
Extracting a_62237_35161#
Extracting a_40330_35229#
Extracting a_40551_35229#
Extracting a_39677_34979#
Extracting a_41250_35229#
Extracting a_41471_35229#
Extracting a_40330_34902#
Extracting a_40647_34902#
Extracting a_42237_35183#
Extracting a_42985_35229#
Extracting a_41250_34902#
Extracting a_41567_34902#
Extracting a_42069_34863#
Extracting a_42237_34863#
Extracting a_43014_34471#
Extracting a_49721_35229#
Extracting a_49961_35229#
Extracting a_43600_34979#
Extracting a_50397_35229#
Extracting a_50469_35229#
Extracting a_50722_34863#
Extracting a_49920_34863#
Extracting a_51554_35229#
Extracting a_51775_35229#
Extracting a_50304_34863#
Extracting a_52573_35229#
Extracting a_52813_35229#
Extracting a_51554_34902#
Extracting a_51871_34902#
Extracting a_53249_35229#
Extracting a_53321_35229#
Extracting a_53574_34863#
Extracting a_52772_34863#
Extracting a_54406_35229#
Extracting a_54627_35229#
Extracting a_53156_34863#
Extracting a_57354_35229#
Extracting a_57430_35229#
Extracting a_57598_35229#
Extracting a_57858_35229#
Extracting a_58044_35229#
Extracting a_58248_34863#
Extracting a_54406_34902#
Extracting a_54723_34902#
Extracting a_59006_35229#
Extracting a_59227_35229#
Extracting a_57514_34863#
Extracting a_57694_34863#
Extracting a_58044_34863#
Extracting a_60298_35229#
Extracting a_60374_35229#
Extracting a_60542_35229#
Extracting a_60802_35229#
Extracting a_60988_35229#
Extracting a_61192_34863#
Extracting a_59006_34902#
Extracting a_59323_34902#
Extracting a_61950_35229#
Extracting a_62171_35229#
Extracting a_60458_34863#
Extracting a_60638_34863#
Extracting a_60988_34863#
Extracting a_61950_34902#
Extracting a_62267_34902#
Extracting a_36327_34293#
Extracting a_36503_34293#
Extracting a_37328_34569#
Extracting a_37839_34685#
Extracting a_38019_34685#
Extracting a_38543_34471#
Extracting a_39555_34471#
Extracting a_40096_34471#
Extracting a_40975_34569#
Extracting a_41711_34569#
Extracting a_42499_34471#
Extracting a_43032_34569#
Extracting a_49483_34293#
Extracting a_49686_34571#
Extracting a_49964_34587#
Extracting a_50003_34461#
Extracting a_50159_34556#
Extracting a_50090_34685#
Extracting a_50784_34568#
Extracting a_17292_34505#
Extracting a_17721_34571#
Extracting a_18212_34505#
Extracting a_18641_34571#
Extracting a_21156_34505#
Extracting a_21585_34571#
Extracting a_22076_34505#
Extracting a_22505_34571#
Extracting a_25020_34505#
Extracting a_25449_34571#
Extracting a_25940_34505#
Extracting a_26369_34571#
Extracting a_28884_34505#
Extracting a_29313_34571#
Extracting a_29804_34505#
Extracting a_30233_34571#
Extracting a_29073_32899#
Extracting a_17434_34639#
Extracting a_17655_34639#
Extracting a_18354_34639#
Extracting a_18575_34639#
Extracting a_17434_34312#
Extracting a_17751_34312#
Extracting a_21298_34639#
Extracting a_21519_34639#
Extracting a_18354_34312#
Extracting a_18671_34312#
Extracting a_22218_34639#
Extracting a_22439_34639#
Extracting a_21298_34312#
Extracting a_21615_34312#
Extracting a_25162_34639#
Extracting a_25383_34639#
Extracting a_22218_34312#
Extracting a_22535_34312#
Extracting a_26082_34639#
Extracting a_26303_34639#
Extracting a_25162_34312#
Extracting a_25479_34312#
Extracting a_29026_34639#
Extracting a_29247_34639#
Extracting a_26082_34312#
Extracting a_26399_34312#
Extracting a_29946_34639#
Extracting a_30167_34639#
Extracting a_29026_34312#
Extracting a_29343_34312#
Extracting a_29946_34312#
Extracting a_30263_34312#
Extracting a_37410_34569#
Extracting a_36455_34319#
Extracting a_28980_33417#
Extracting a_38651_34471#
Extracting a_38109_34319#
Extracting a_28796_33881#
Extracting a_39783_34321#
Extracting a_38717_34347#
Extracting a_39209_34319#
Extracting a_40525_34293#
Extracting a_40238_34646#
Extracting a_40555_34646#
Extracting a_39729_34347#
Extracting a_41057_34569#
Extracting a_41225_34569#
Extracting a_41793_34569#
Extracting a_41961_34569#
Extracting a_40238_34319#
Extracting a_40459_34319#
Extracting a_41225_34319#
Extracting a_41961_34319#
Extracting a_43114_34569#
Extracting a_49920_34685#
Extracting a_42673_34347#
Extracting a_50304_34685#
Extracting a_50722_34685#
Extracting a_51412_34471#
Extracting a_52579_34646#
Extracting a_49721_34319#
Extracting a_49961_34319#
Extracting a_50397_34319#
Extracting a_50469_34319#
Extracting a_51620_34293#
Extracting a_51841_34293#
Extracting a_52325_34646#
Extracting a_51554_34646#
Extracting a_51871_34646#
Extracting a_52507_34646#
Extracting a_52793_34646#
Extracting a_53005_34319#
Extracting a_53203_34319#
Extracting a_53369_34319#
Extracting a_53937_34561#
Extracting a_53719_34319#
Extracting a_54459_34293#
Extracting a_54284_34319#
Extracting a_56843_34293#
Extracting a_57046_34571#
Extracting a_57324_34587#
Extracting a_57363_34461#
Extracting a_57519_34556#
Extracting a_57450_34685#
Extracting a_58144_34568#
Extracting a_53624_34319#
Extracting a_53827_34685#
Extracting a_51554_34319#
Extracting a_51775_34319#
Extracting a_52579_34319#
Extracting a_52800_34319#
Extracting a_54446_34685#
Extracting a_53815_34319#
Extracting a_53981_34319#
Extracting a_57280_34685#
Extracting a_54393_34319#
Extracting a_54638_34319#
Extracting a_57664_34685#
Extracting a_58082_34685#
Extracting a_58772_34471#
Extracting a_59939_34646#
Extracting a_57081_34319#
Extracting a_57321_34319#
Extracting a_57757_34319#
Extracting a_57829_34319#
Extracting a_58980_34293#
Extracting a_59201_34293#
Extracting a_59685_34646#
Extracting a_58914_34646#
Extracting a_59231_34646#
Extracting a_59867_34646#
Extracting a_60153_34646#
Extracting a_60365_34319#
Extracting a_60563_34319#
Extracting a_60729_34319#
Extracting a_61297_34561#
Extracting a_61079_34319#
Extracting a_61819_34293#
Extracting a_61644_34319#
Extracting a_60984_34319#
Extracting a_61187_34685#
Extracting a_58914_34319#
Extracting a_59135_34319#
Extracting a_59939_34319#
Extracting a_60160_34319#
Extracting a_61806_34685#
Extracting a_61175_34319#
Extracting a_61341_34319#
Extracting a_61753_34319#
Extracting a_61998_34319#
Extracting a_17108_33881#
Extracting a_18011_33757#
Extracting a_17059_33729#
Extracting a_18531_34095#
Extracting a_18711_34095#
Extracting a_20972_33881#
Extracting a_21875_33757#
Extracting a_20923_33729#
Extracting a_22395_34095#
Extracting a_22575_34095#
Extracting a_24836_33881#
Extracting a_25739_33757#
Extracting a_24787_33729#
Extracting a_26259_34095#
Extracting a_26439_34095#
Extracting a_28700_33881#
Extracting a_29603_33757#
Extracting a_28651_33729#
Extracting a_30123_34095#
Extracting a_30303_34095#
Extracting a_17243_33185#
Extracting a_17316_33703#
Extracting a_17537_33703#
Extracting a_17250_34056#
Extracting a_17567_34056#
Extracting a_18148_18782#
Extracting a_17250_33729#
Extracting a_17471_33729#
Extracting a_18097_33757#
Extracting a_18148_18376#
Extracting a_21107_33185#
Extracting a_21180_33703#
Extracting a_21401_33703#
Extracting a_21114_34056#
Extracting a_21431_34056#
Extracting a_18801_33729#
Extracting a_22012_18782#
Extracting a_21114_33729#
Extracting a_21335_33729#
Extracting a_21961_33757#
Extracting a_22012_18376#
Extracting a_24971_33185#
Extracting a_25044_33703#
Extracting a_25265_33703#
Extracting a_24978_34056#
Extracting a_25295_34056#
Extracting a_22665_33729#
Extracting a_25876_18782#
Extracting a_24978_33729#
Extracting a_25199_33729#
Extracting a_25825_33757#
Extracting a_25876_18376#
Extracting a_28835_33185#
Extracting a_28908_33703#
Extracting a_29129_33703#
Extracting a_28842_34056#
Extracting a_29159_34056#
Extracting a_26529_33729#
Extracting a_29740_18782#
Extracting a_28842_33729#
Extracting a_29063_33729#
Extracting a_29689_33757#
Extracting a_29740_18376#
Extracting a_30393_33729#
Extracting a_17292_33417#
Extracting a_17721_33483#
Extracting a_18212_33417#
Extracting a_18641_33483#
Extracting a_21156_33417#
Extracting a_21585_33483#
Extracting a_22076_33417#
Extracting a_22505_33483#
Extracting a_25020_33417#
Extracting a_25449_33483#
Extracting a_25940_33417#
Extracting a_26369_33483#
Extracting a_28884_33417#
Extracting a_29313_33483#
Extracting a_29804_33417#
Extracting a_30233_33483#
Extracting a_17434_33551#
Extracting a_17655_33551#
Extracting a_18354_33551#
Extracting a_18575_33551#
Extracting a_17434_33224#
Extracting a_17751_33224#
Extracting a_21298_33551#
Extracting a_21519_33551#
Extracting a_18354_33224#
Extracting a_18671_33224#
Extracting a_22218_33551#
Extracting a_22439_33551#
Extracting a_21298_33224#
Extracting a_21615_33224#
Extracting a_25162_33551#
Extracting a_25383_33551#
Extracting a_22218_33224#
Extracting a_22535_33224#
Extracting a_26082_33551#
Extracting a_26303_33551#
Extracting a_25162_33224#
Extracting a_25479_33224#
Extracting a_29026_33551#
Extracting a_29247_33551#
Extracting a_26082_33224#
Extracting a_26399_33224#
Extracting a_29946_33551#
Extracting a_30167_33551#
Extracting a_29026_33224#
Extracting a_29343_33224#
Extracting a_29946_33224#
Extracting a_30263_33224#
Extracting a_17243_33007#
Extracting a_17423_33007#
Extracting a_21107_33007#
Extracting a_21287_33007#
Extracting a_24971_33007#
Extracting a_25151_33007#
Extracting a_28835_33007#
Extracting a_29015_33007#
Extracting a_17513_32641#
Extracting a_21377_32641#
Extracting a_25241_32641#
Extracting a_29105_32641#
Extracting a_16626_26020#
Extracting a_14855_23023#
Extracting a_17050_26464#
Extracting a_18018_26020#
Extracting a_18442_26464#
Extracting a_19410_26020#
Extracting a_19834_26464#
Extracting a_10991_23023#
Extracting a_16684_17932#
Extracting a_16754_24730#
Extracting a_18146_24730#
Extracting a_19538_24730#
Extracting a_16812_8642#
Extracting a_16626_22020#
Extracting a_17050_22464#
Extracting a_18018_22020#
Extracting a_18442_22464#
Extracting a_19410_22020#
Extracting a_19834_22464#
Extracting a_16754_20730#
Extracting a_18146_20730#
Extracting a_19538_20730#
Extracting a_16626_18020#
Extracting a_17050_18464#
Extracting a_18018_18020#
Extracting a_18442_18464#
Extracting a_19410_18020#
Extracting a_19834_18464#
Extracting a_16754_16730#
Extracting a_18146_16730#
Extracting a_19588_18020#
Extracting a_16626_14020#
Extracting a_17050_14464#
Extracting a_18018_14020#
Extracting a_18442_14464#
Extracting a_19410_14020#
Extracting a_19834_14464#
Extracting a_16804_14020#
Extracting a_18196_14020#
Extracting a_19588_14020#
Extracting a_16626_10020#
Extracting a_17050_10464#
Extracting a_18018_10020#
Extracting a_18442_10464#
Extracting a_19410_10020#
Extracting a_19834_10464#
Extracting a_16804_10020#
Extracting a_18196_10020#
Extracting a_19588_10020#
Extracting a_20490_26020#
Extracting a_20914_26464#
Extracting a_21882_26020#
Extracting a_22306_26464#
Extracting a_23274_26020#
Extracting a_23698_26464#
Extracting a_20618_24730#
Extracting a_22010_24730#
Extracting a_23402_24730#
Extracting a_20490_22020#
Extracting a_20914_22464#
Extracting a_21882_22020#
Extracting a_22306_22464#
Extracting a_23274_22020#
Extracting a_23698_22464#
Extracting a_20618_20730#
Extracting a_22010_20730#
Extracting a_23402_20730#
Extracting a_20490_18020#
Extracting a_20914_18464#
Extracting a_21882_18020#
Extracting a_22306_18464#
Extracting a_23274_18020#
Extracting a_23698_18464#
Extracting a_20618_16730#
Extracting a_22010_16730#
Extracting a_23452_18020#
Extracting a_20490_14020#
Extracting a_20914_14464#
Extracting a_21882_14020#
Extracting a_22306_14464#
Extracting a_23274_14020#
Extracting a_23698_14464#
Extracting a_20668_14020#
Extracting a_22060_14020#
Extracting a_23452_14020#
Extracting a_20490_10020#
Extracting a_20914_10464#
Extracting a_21882_10020#
Extracting a_22306_10464#
Extracting a_23274_10020#
Extracting a_23698_10464#
Extracting a_20668_10020#
Extracting a_22060_10020#
Extracting a_23452_10020#
Extracting a_24354_26020#
Extracting a_24778_26464#
Extracting a_25746_26020#
Extracting a_26170_26464#
Extracting a_27138_26020#
Extracting a_27562_26464#
Extracting a_24482_24730#
Extracting a_25874_24730#
Extracting a_27266_24730#
Extracting a_24354_22020#
Extracting a_24778_22464#
Extracting a_25746_22020#
Extracting a_26170_22464#
Extracting a_27138_22020#
Extracting a_27562_22464#
Extracting a_24482_20730#
Extracting a_25874_20730#
Extracting a_27266_20730#
Extracting a_24354_18020#
Extracting a_24778_18464#
Extracting a_25746_18020#
Extracting a_26170_18464#
Extracting a_27138_18020#
Extracting a_27562_18464#
Extracting a_24482_16730#
Extracting a_25874_16730#
Extracting a_27316_18020#
Extracting a_24354_14020#
Extracting a_24778_14464#
Extracting a_25746_14020#
Extracting a_26170_14464#
Extracting a_27138_14020#
Extracting a_27562_14464#
Extracting a_24532_14020#
Extracting a_25924_14020#
Extracting a_27316_14020#
Extracting a_24354_10020#
Extracting a_24778_10464#
Extracting a_25746_10020#
Extracting a_26170_10464#
Extracting a_27138_10020#
Extracting a_27562_10464#
Extracting a_24532_10020#
Extracting a_25924_10020#
Extracting a_27316_10020#
Extracting a_28218_26020#
Extracting a_28642_26464#
Extracting a_29610_26020#
Extracting a_30034_26464#
Extracting a_31002_26020#
Extracting a_31426_26464#
Extracting a_28346_24730#
Extracting a_29738_24730#
Extracting a_31130_24730#
Extracting a_28218_22020#
Extracting a_28642_22464#
Extracting a_29610_22020#
Extracting a_30034_22464#
Extracting a_31002_22020#
Extracting a_31426_22464#
Extracting a_28346_20730#
Extracting a_29738_20730#
Extracting a_31130_20730#
Extracting a_28218_18020#
Extracting a_28642_18464#
Extracting a_29610_18020#
Extracting a_30034_18464#
Extracting a_31002_18020#
Extracting a_31426_18464#
Extracting a_28346_16730#
Extracting a_29738_16730#
Extracting a_31180_18020#
Extracting a_28218_14020#
Extracting a_28642_14464#
Extracting a_29610_14020#
Extracting a_30034_14464#
Extracting a_31002_14020#
Extracting a_31426_14464#
Extracting a_28396_14020#
Extracting a_29788_14020#
Extracting a_31180_14020#
Extracting a_28218_10020#
Extracting a_28642_10464#
Extracting a_29610_10020#
Extracting a_30034_10464#
Extracting a_31002_10020#
Extracting a_31426_10464#
Extracting a_28396_10020#
Extracting a_29788_10020#
Extracting a_31180_10020#
Total Nets: 3088
Nets extracted: 3053 (0.988666)
Nets output: 3053 (0.988666)
exttospice finished.
exttospice finished.
V3_ANALOG_INPUT_BASE_SPICE_i3=/home/jason-stone/tinytapeout-beamformer-v2-routefix/build/v3/analog_input_escapes/rc/input_i3_base.spice
V3_ANALOG_INPUT_RC_SPICE_i3=/home/jason-stone/tinytapeout-beamformer-v2-routefix/build/v3/analog_input_escapes/rc/input_i3_rc.spice
V3_ANALOG_INPUT_RES_EXT_i3=/home/jason-stone/tinytapeout-beamformer-v2-routefix/build/v3/analog_input_escapes/rc/v3_analog_input_rc_i3.res.ext
